locKey,surfMin,surfMax,generalCondition,surf_max_0,surf_max_1,surf_max_2,surf_max_3,surf_min_0,surf_min_1,surf_min_2,surf_min_3,swell_period1_0,swell_period1_1,swell_period1_2,swell_period1_3,swell_period2_0,swell_period2_1,swell_period2_2,swell_period2_3,swell_direction1_0,swell_direction1_1,swell_direction1_2,swell_direction1_3,swell_direction2_0,swell_direction2_1,swell_direction2_2,swell_direction2_3,swell_height1_0,swell_height1_1,swell_height1_2,swell_height1_3,swell_height2_0,swell_height2_1,swell_height2_2,swell_height2_3
10832,,,,6.89,6.87,9.82,12.03,5.77,5.75,8.69,10.75,9.3,12.3,13.5,13.5,13.5,9.3,4.7,4.7,352,327,337,337,320,352,59,64,3.6,4,7.3,9,3.1,3.1,2.7,2.2
10834,,,,4.39,4.62,6.02,7.42,3.39,3.86,5.35,6.69,9.3,12.3,13.5,13.5,13.5,9.3,4.7,4.7,352,327,337,337,320,352,59,64,3.6,4,7.3,9,3.1,3.1,2.7,2.2
10837,3,5 ,poor to fair,2.2,2.44,2.48,2.36,1.2,1.44,1.48,1.36,9.3,13.5,13.5,13.5,4.7,4.7,4.7,4.7,352,325,335,337,42,51,57,62,3.9,3.3,6.1,8.4,3,3.2,3.2,2.7
10849,0,1,,1.46,1.44,1.69,2.13,0.46,0.44,0.69,1.19,12.3,11.2,13.5,12.3,14.9,13.5,11.2,11.2,197.0,197.0,329.0,331.0,325.0,326.0,197.0,197.0,1.1,1.1,1.3,2,0.8,0.9,1.1,1
10850,3,5,,5.02,4.56,6.93,9.71,3.8,3.21,4.85,7.12,10.2,9.3,13.5,13.5,4.7,4.7,4.7,4.7,353.0,354.0,338.0,341.0,37.0,39.0,41.0,46.0,3.9,3.2,4.7,7.3,3.2,3.1,2.8,2.3
13830,,,,1.1,1.09,1.08,1.1,0.1,0.09,0.08,0.1,5.2,5.7,5.7,12.3,11.2,11.2,11.2,5.7,17,16,16,327,197,197,197,16,1.5,1.5,1.3,1.1,1.2,1.1,1.1,1.1
16175,4,7,fair to good,4.03,5.04,5.78,5.26,2.82,3.53,4.04,4.18,18,18,18,4.7,10.2,10.2,10.2,16.3,190,191,195,55,206,205,205,195,1.9,2.5,3.1,4.6,1.5,1.6,1.7,3.1
16699,6,7,,8.43,8.1,7.58,6.31,5.9,5.67,5.3,4.42,14.9,14.9,14.9,13.5,10.2,10.2,10.2,10.2,201,202,202,202,195,195,206,207,5,4.8,4.6,4.3,3,2.9,2.2,2.1
17424,10,11,,7.58,11.13,15.49,18.35,6.58,10.13,14.49,16.43,6.9,8.4,9.3,11.2,10.2,0.0,0.0,0.0,238.0,245.0,253.0,262.0,263.0,0.0,0.0,0.0,7.6,11.1,15.5,17.5,5.4,0,0,0
17513,1,2,POOR,2.45,2.36,2.19,1.9,1.48,1.39,1.19,0.9,6.9,6.9,6.3,6.3,8.4,8.4,8.4,8.4,36,41,45,48,103,103,103,104,2.8,2.5,2.1,1.7,1.4,1.4,1.4,1.4
18822,3,4,,4.74,4.37,4.31,4.29,3.74,3.37,3.31,3.29,7.6,7.6,8.4,8.4,0,0,0,0,111,111,111,109,0,0,0,0,4.7,4.4,4.3,4.3,0,0,0,0
103685,1,2,POOR TO FAIR,1.13,1.2,1.36,1.54,0.13,0.2,0.36,0.54,11.2,11.2,11.2,11.2,8.4,14.9,12.3,11.2,186,186,186,185,165,214,276,274,1,1,1,1,0.4,0.4,0.7,0.8
103685,1,2,POOR TO FAIR,1.13,1.2,1.36,1.54,0.13,0.2,0.36,0.54,11.2,11.2,11.2,11.2,8.4,14.9,12.3,11.2,186,186,186,185,165,214,276,274,1,1,1,1,0.4,0.4,0.7,0.8
106914,1,2,POOR,1.27,1.09,0.98,0.98,0.34,0.09,0,0.08,4.7,5.7,5.7,6.3,8.4,3.6,10.2,10.2,170,184,194,195,111,226,117,124,3.7,3.9,5.1,7.9,0.7,1.6,0.8,0.6
106919,1,2,POOR,1.21,1.29,1.58,1.5,0.27,0.29,0.58,0.63,4.3,5.2,5.7,6.3,2.7,10.2,10.2,10.2,154,176,186,185,178,118,119,127,1.9,3.1,5.8,7.8,0.9,0.8,0.7,0.4
106923,,,NONE,3.02,2.37,3.29,4.25,2.07,1.37,2.29,3.34,5.2,4.7,4.7,5.2,9.3,8.4,8.4,9.3,175.0,184.0,197.0,206.0,110.0,111.0,113.0,113.0,4,2.9,4.1,6.4,0.8,0.8,0.8,0.8
107410,1,2,,1.79,1.78,1.67,1.59,0.89,0.87,0.76,0.59,5.7,6.3,6.3,5.7,8.4,5.2,5.2,5.2,72.0,70.0,70.0,70.0,107.0,140.0,136.0,136.0,1.5,1.5,1.4,1.2,0.9,0.8,0.9,0.7
107411,5,6,,6.81,6.27,5.98,5.62,5.41,5.27,5.28,4.93,12.3,11.2,11.2,11.2,5.2,5.2,4.7,4.7,227.0,226.0,229.0,229.0,186.0,182.0,187.0,187.0,5.5,5.6,5.4,5.2,2,1.5,2.1,2.4
107413,6,7,,7.02,7.11,7.48,7.65,5.71,6.36,6.48,6.85,12.3,11.2,11.2,11.2,0.0,0.0,0.0,2.4,224.0,221.0,220.0,219.0,0.0,0.0,0.0,204.0,5.7,6.5,6.7,6.9,0,0,0,0.4
107422,5,5,,5.91,5.48,4.9,6.09,4.96,4.5,3.9,5.09,6.3,6.9,6.9,6.9,4.3,4.3,10.2,10.2,61.0,65.0,67.0,63.0,357.0,356.0,197.0,196.0,6.2,5.6,4.9,6.1,1.2,1,0.7,0.6
107423,5,6,,5.56,5.69,3.93,3.97,5.17,4.72,2.93,3.2,6.9,6.9,6.9,4.7,11.2,10.2,4.7,9.3,326.0,318.0,321.0,250.0,168.0,171.0,262.0,170.0,5.2,5.8,3.7,3.2,3,2.6,2.8,2.8
107563,1,2,,2.77,2.61,2.52,1.79,1.82,1.61,1.79,1.03,4.3,4.7,5.2,5.7,10.2,9.3,9.3,9.3,97,97,93,89,122,123,123,120,2.9,2.6,3.4,2.3,0.3,0.3,0.3,0.3
107628,7,9,,9.8,8.8,7.22,7.23,7.87,6.86,6.18,6.23,12.3,12.3,5.7,7.6,4.3,5.2,11.2,11.2,217.0,219.0,239.0,234.0,255.0,245.0,223.0,226.0,7.9,6.9,6.2,6.6,2.9,4.7,5.6,4.6
107630,3,4,,3.12,4.14,3.6,6.3,2.19,3.14,3.34,4.63,13.5,13.5,6.9,12.3,3.6,3.6,12.3,6.9,213.0,213.0,249.0,220.0,285.0,305.0,217.0,253.0,2.2,2.1,3.3,4.6,1.6,1.4,2,3.5
107631,0,1,,1.32,1.36,1.41,1.54,0.32,0.36,0.41,0.54,11.2,11.2,11.2,11.2,14.9,14.9,14.9,11.2,186.0,186.0,186.0,186.0,212.0,212.0,212.0,276.0,0.9,1,1,1,0.8,0.7,0.6,0.7
107634,3,4,,4.96,4.37,4.22,4,4.04,3.37,3.22,3,12.3,11.2,11.2,11.2,0.0,0.0,0.0,0.0,283.0,285.0,286.0,287.0,0.0,0.0,0.0,0.0,4,3.9,3.8,3.6,0,0,0,0
107637,3,4,,4.79,4.46,3.72,3.22,3.6,3.34,2.92,2.25,11.2,11.2,11.2,10.2,11.2,4.7,5.7,5.7,300.0,302.0,304.0,306.0,270.0,28.0,351.0,350.0,3.6,3.3,3,2.7,2.3,2.1,2.5,2.5
107638,4,6,,5.51,5.73,9.9,12.09,3.86,4.01,7.22,8.88,9.3,12.3,13.5,13.5,13.5,9.3,4.7,4.7,352.0,327.0,337.0,337.0,320.0,352.0,57.0,62.0,3.6,4,7.3,9.1,3.1,3.1,2.6,2.2
107640,0,1,,1.18,1.26,1.38,1.55,0.18,0.26,0.38,0.55,11.2,11.2,11.2,11.2,8.4,14.9,12.3,11.2,186.0,186.0,186.0,185.0,165.0,214.0,276.0,274.0,1,1,1,1,0.4,0.4,0.7,0.8
107641,4,6,,6.52,5.96,7.22,9.96,4.56,4.17,5.06,7.74,10.2,9.3,13.5,12.3,14.9,6.9,6.9,8.4,348.0,350.0,330.0,337.0,321.0,62.0,65.0,66.0,4.6,3.9,4.5,7.9,2.9,3.5,3.5,3.1
107642,3,4,,4.75,4.27,4.11,3.84,4.24,3.29,3.2,2.91,11.2,11.2,11.2,11.2,5.2,11.2,11.2,6.3,292.0,302.0,303.0,305.0,120.0,270.0,270.0,347.0,4.2,3.5,3.2,2.9,0.4,2,1.7,1.8
10832,,,,6.89,6.87,9.82,12.03,5.77,5.75,8.69,10.75,9.3,12.3,13.5,13.5,13.5,9.3,4.7,4.7,352,327,337,337,320,352,59,64,3.6,4,7.3,9,3.1,3.1,2.7,2.2
10834,,,,4.39,4.62,6.02,7.42,3.39,3.86,5.35,6.69,9.3,12.3,13.5,13.5,13.5,9.3,4.7,4.7,352,327,337,337,320,352,59,64,3.6,4,7.3,9,3.1,3.1,2.7,2.2
10837,3,5 ,poor to fair,2.2,2.44,2.48,2.36,1.2,1.44,1.48,1.36,9.3,13.5,13.5,13.5,4.7,4.7,4.7,4.7,352,325,335,337,42,51,57,62,3.9,3.3,6.1,8.4,3,3.2,3.2,2.7
10849,0,1,,1.46,1.44,1.69,2.13,0.46,0.44,0.69,1.19,12.3,11.2,13.5,12.3,14.9,13.5,11.2,11.2,197.0,197.0,329.0,331.0,325.0,326.0,197.0,197.0,1.1,1.1,1.3,2,0.8,0.9,1.1,1
10850,3,5,,5.02,4.56,6.93,9.71,3.8,3.21,4.85,7.12,10.2,9.3,13.5,13.5,4.7,4.7,4.7,4.7,353.0,354.0,338.0,341.0,37.0,39.0,41.0,46.0,3.9,3.2,4.7,7.3,3.2,3.1,2.8,2.3
109918,1,2,POOR,1.39,1.33,1.3,1.43,0.39,0.33,0.3,0.43,11.2,11.2,11.2,11.2,14.9,14.9,14.9,11.2,186,186,186,186,212,212,212,276,0.9,1,1,1,0.8,0.7,0.6,0.7
110352,1,2,,3.43,3.37,3.39,3.62,2.43,2.4,2.39,2.62,10.2,9.3,9.3,9.3,3.2,3.9,4.7,3.6,272,271,272,274,152,152,161,188,2.8,2.6,2.6,2.9,1.4,2,1.8,1.5
110383,1,2,,2.97,2.96,3.31,3.38,1.97,1.96,2.31,2.38,9.3,9.3,9.3,11.2,4.7,4.7,3.9,3.9,271,271,272,274,149,144,166,178,2.3,2.2,2.4,2.8,1.6,1.3,2,2.3
110386,2,3,,3.37,3.06,3.45,4.39,2.37,2.06,2.45,3.39,9.3,10.2,10.2,11.2,3.2,3.6,3.6,4.3,269,270,272,273,162,158,168,174,2.9,2.9,3.3,3.9,1.4,1.6,1.6,1.6
110782,6,7,,14.31,11.96,12.64,11.49,10.02,8.7,9.1,8.66,11.2,11.2,11.2,10.2,11.2,11.2,11.2,10.2,343,346,343,337,253,252,250,249,9.5,8.7,9.1,8.7,8.6,5.8,6.6,7.1
110783,11,12,,13,13.23,11.6,11.49,12.02,12.28,10.6,10.49,8.4,9.3,9.3,10.2,10.2,10.2,11.2,11.2,270,270,271,266,360,360,360,359,13.2,13.9,11.6,10.6,0.9,1.3,2.2,3.1
110784,2,3,,3.88,4.44,4.12,3.33,2.88,3.44,3.21,2.33,3.9,4.3,4.7,4.3,0,0,0,0,226,220,216,221,0,0,0,0,3.9,4.4,4.5,3.3,0,0,0,0
110785,0,1,,0.19,0.34,2.13,2.6,0,0,1.25,1.7,5.7,2.4,3.9,4.3,4.7,6.9,6.3,0,345,251,274,266,240,345,348,0,0.1,0.3,2.4,2.9,0.1,0.2,0.3,0
110786,3,4,,1.42,4.13,5.35,5.71,0.42,3.21,4.4,4.72,6.9,4.7,5.2,5.7,2.4,0,0,9.3,339,269,277,283,256,0,0,15,0.9,4.5,5.6,5.7,0.9,0,0,0.1
111858,1,2,POOR,1.73,1.37,1.06,1.35,0.8,0.37,0.06,0.52,4.7,5.7,5.7,6.3,8.4,3.6,10.2,10.2,170,184,194,195,111,226,117,124,3.7,3.9,5.1,7.9,0.7,1.6,0.8,0.6
112138,3,4,,4.63,4.67,4.63,4.43,3.24,3.27,3.24,3.1,18,16.3,16.3,16.3,5.7,5.2,5.2,5.2,205,206,206,206,219,223,225,338,2.5,2.6,2.7,2.7,2.3,2.2,2.2,2.3
112139,5,6,,11.22,10.83,9.82,9.82,10.22,9.9,8.82,8.82,8.4,8.4,7.6,7.6,4.7,4.7,4.7,4.7,54,57,57,53,356,356,356,356,11.2,11.6,9.8,9.8,1.7,1.6,1.4,1.6
112194,5,6,,7.35,7.14,6.42,5.92,5.15,5,4.49,4.14,14.9,14.9,13.5,13.5,12.3,12.3,12.3,11.2,198,198,198,199,313,313,313,314,4.2,4.1,4,3.8,2.6,2.4,2.2,2
112657,1,2,,2.3,2.66,2.53,2.17,1.3,1.66,1.58,1.17,3.2,3.6,3.9,13.5,14.9,14.9,13.5,3.9,47,47,48,220,220,221,221,43,1.4,2,2,1.7,1.3,1.4,1.5,1.2
112658,2,3,,3.29,3.5,2.97,2.12,2.29,2.5,2.01,1.14,4.7,4.7,4.3,4.3,5.2,4.7,4.3,4.3,341,32,34,36,30,346,348,345,2.4,2.7,2.4,1.6,2.2,2.2,2,1.5
116174,1,2 ,very poor,1.52,1.54,1.54,1.55,0.52,0.54,0.54,0.55,4.7,5.7,7.6,7.6,13.5,13.5,10.2,18.0,325.0,318.0,315.0,316.0,302.0,302.0,201.0,187.0,3,2.6,4,4.2,1.5,1.5,1.4,1.5
116831,,,NONE,1.73,1.37,1.06,1.35,0.8,0.37,0.06,0.52,4.7,5.7,5.7,6.3,8.4,3.6,10.2,10.2,170,184,194,195,111,226,117,124,3.7,3.9,5.1,7.9,0.7,1.6,0.8,0.6
117583,0,1,,1.11,1.14,1.17,1.18,0.11,0.14,0.17,0.18,5.7,14.9,14.9,14.9,14.9,5.7,5.2,5.2,284.0,220.0,221.0,222.0,219.0,284.0,284.0,285.0,0.8,0.8,0.9,0.9,0.6,0.6,0.5,0.4
117764,0,1,,0.2,0.15,0.17,0.17,0,0,0,0,7.6,7.6,7.6,7.6,0,0,0,6.3,252,255,252,255,0,0,0,255,0.2,0.2,0.2,0.1,0,0,0,0.1
117767,0,1,,0.59,0.67,0.61,0.6,0,0,0,0,7.6,7.6,7.6,6.9,0,4.7,0,0,267,268,269,268,0,270,0,0,0.7,0.7,0.6,0.6,0,0.1,0,0
117770,,,,0.82,0.97,0.63,0.25,0,0.45,0,0,5.7,3.9,5.7,4.3,3.6,5.7,2.9,0,307,71,316,322,85,308,65,0,0.7,1.7,0.6,0.2,0.4,0.6,0.3,0
117826,3,4,,2.11,1.33,0.78,0.37,1.42,0.45,0,0,4.3,3.9,3.6,3.2,4.3,3.6,8.4,2.7,341,335,330,332,32,24,135,330,2.4,1.3,1,0.5,1.9,0.4,0.1,0.2
117864,5,6,,3.04,2.84,2.09,1.63,2.12,1.92,1.12,0.63,10.2,10.2,9.3,9.3,5.2,5.2,5.2,4.3,111,109,107,103,313,312,314,315,3,2.3,1.6,1.2,2.5,2.1,1.1,0.8
117878,3,4,,4.25,4.11,3.91,3.7,3.26,3.11,2.94,2.74,7.6,7.6,7.6,6.9,2.9,2.9,2.9,2.4,304,305,304,304,345,339,339,337,4.3,4.1,4,3.9,0.2,0.4,0.3,0.2
117879,1,2,,1.82,2.04,1.98,2.43,0.82,1.05,0.98,1.47,7.6,6.3,6.3,7.6,6.3,12.3,6.9,10.2,61,46,40,68,27,114,71,114,1.4,1.9,1.4,2.4,1,0.6,1.2,0.6
118012,1,2,,2.03,2.56,2.81,2.48,1.03,1.56,1.81,1.48,3.9,3.9,4.3,4.7,0,11.2,11.2,3.2,171,183,197,198,0,150,150,260,2,2.6,2.8,2.4,0,0.1,0.1,0.6
118013,2,3,,3.36,3.16,3.05,2.92,2.36,2.22,2.05,1.96,5.2,5.2,5.7,5.7,7.6,3.6,3.2,4.3,173,176,183,174,135,216,297,296,3.4,3.4,3.1,2.4,0.5,1.1,0.7,1.8
119182,0,1,,0.25,0.35,2.81,3.33,0,0,1.9,2.33,6.9,6.9,3.9,4.3,0,2.4,6.9,3.9,210,210,124,96,0,120,210,154,0.2,0.3,3.1,2.3,0,0.2,0.2,2.3
119194,3,4,,2.93,2.65,2.28,5.54,2.03,1.75,1.28,4.66,5.7,5.7,5.7,5.2,2.7,0,0,6.3,89,85,79,321,75,0,0,64,3.2,2.9,2.3,6.3,0.3,0,0,1
119349,2,3,,2.94,2.76,2.64,2.6,1.98,1.76,1.64,1.6,11.2,11.2,11.2,11.2,3.6,3.9,4.3,4.7,209,207,208,209,202,200,200,198,2.3,2.3,2.1,2,1.8,1.4,1.4,1.6
119412,6,6,,3.95,4.63,4.76,4.91,2.9,3.57,3.88,3.93,4.3,4.7,5.2,5.7,10.2,13.5,12.3,12.3,183,181,179,181,221,211,213,214,2.9,3.6,3.9,4.8,2.5,2.9,3.2,3.1
119811,,,FLAT,1.21,1.26,1.21,1.19,0.21,0.26,0.21,0.19,14.9,14.9,11.2,11.2,11.2,11.2,14.9,13.5,220.0,220.0,186.0,186.0,186.0,186.0,220.0,220.0,0.8,0.8,0.8,0.8,0.8,0.8,0.7,0.7
119813,,,FLAT,1.21,1.24,1.19,1.17,0.21,0.24,0.19,0.17,14.9,14.9,11.2,11.2,11.2,11.2,14.9,13.5,220.0,220.0,186.0,186.0,186.0,186.0,220.0,220.0,0.8,0.8,0.8,0.8,0.8,0.8,0.7,0.7
119814,,,very good,4.29,4.17,4.3,4.19,3.29,3.17,3.3,3.2,6.3,5.7,6.3,9.3,9.3,10.2,9.3,5.7,48.0,46.0,47.0,98.0,101.0,102.0,102.0,42.0,5,5.5,5,4.7,4.3,4.5,4.5,3.4
119985,4,6,,5.51,5.73,9.9,12.09,3.86,4.01,7.22,8.88,9.3,12.3,13.5,13.5,13.5,9.3,4.7,4.7,352.0,327.0,337.0,337.0,320.0,352.0,57.0,62.0,3.6,4,7.3,9.1,3.1,3.1,2.6,2.2
119986,4,6,,5.51,5.73,9.9,12.09,3.86,4.01,7.22,8.88,9.3,12.3,13.5,13.5,13.5,9.3,4.7,4.7,352.0,327.0,337.0,337.0,320.0,352.0,57.0,62.0,3.6,4,7.3,9.1,3.1,3.1,2.6,2.2
120804,1,2,,5.97,6.09,6.01,5.98,4.97,5.1,5.03,4.98,6.9,6.9,6.9,6.9,8.4,8.4,8.4,7.6,82,82,85,85,355,353,351,348,6,6.2,6.1,6,1.3,1.1,0.9,0.8
120805,3,4,,5.97,6.08,6.01,5.95,4.97,5.1,5.03,4.95,6.9,6.9,6.9,6.9,8.4,8.4,8.4,8.4,82,82,85,85,355,353,351,349,6,6.2,6.1,5.9,1.4,1.1,1,0.9
121124,,,flat,2.23,2.45,2.24,1.98,1.26,1.54,1.27,0.98,6.9,6.9,6.9,6.3,6.3,3.2,5.7,4.3,23,27,31,34,360,41,360,360,2.2,2.4,2.2,1.9,0.7,0.9,0.5,0.4
121281,1,2 ,very poor,2.38,2.13,1.8,1.69,1.42,1.13,0.8,0.72,6.9,4.3,4.7,5.2,4.3,6.9,6.9,4.7,57.0,183.0,196.0,210.0,356.0,64.0,68.0,170.0,3.4,3.4,4.3,3.5,0.5,2.6,1.9,1.9
121282,1,3 ,poor,2.91,2.98,2.85,2.51,1.91,2,1.85,1.57,6.9,4.3,4.7,5.2,4.3,6.9,6.9,4.7,57.0,183.0,196.0,210.0,356.0,64.0,68.0,170.0,3.4,3.4,4.3,3.5,0.5,2.6,1.9,1.9
122151,3,4,,2.63,3.24,3.39,3.19,1.65,2.27,2.37,2.23,6.3,14.9,14.9,13.5,14.9,6.3,6.3,6.3,87,150,150,151,150,87,88,87,1.6,2,2.1,2.1,1.6,2,1.7,1.6
122204,9,10,,11.51,10.6,9.39,7.94,10.57,9.86,8.39,6.43,10.2,10.2,10.2,10.2,12.3,12.3,10.2,8.4,55,55,56,35,357,357,357,99,10.6,10,9,6.5,3.4,2.9,2.1,5.1
122205,1,2,,7.24,6.73,6.58,6.53,6.24,5.73,5.58,5.54,8.4,8.4,7.6,7.6,8.4,7.6,6.9,6.9,39,40,41,41,354,353,353,353,7.2,6.7,6.6,6.6,2.8,2.5,2.3,2.2
122367,4,7 ,good,3.61,3.74,4,3.68,3.02,3.13,3.35,3.08,18,18,18,16.3,10.2,10.2,10.2,10.2,194,194,197,197,208,208,207,207,2.2,2.5,2.8,2.8,1.5,1.6,1.7,1.7
122374,3,4,,4.08,3.82,3.56,3.02,3.1,3.42,3.18,2.03,11.2,11.2,11.2,10.2,0,0,2.4,2.4,267,267,267,266,0,0,247,270,3.7,3.5,3.2,2.8,0,0,0.2,0.8
125185,3,4,,4.35,4.1,5.88,5.52,3.35,3.1,4.94,4.53,4.7,4.7,6.3,6.3,4.3,4.7,6.3,6.3,53,43,340,344,351,345,27,26,4.3,4.1,6.2,5.6,1.9,3.6,4.5,5.1
125280,,,,0,0.2,0.64,0.76,0,0,0,0,0,3.2,3.6,3.6,0,0,0,0,0,280,291,297,0,0,0,0,0,0.2,0.7,0.9,0,0,0,0
125307,2,3,,2.98,3.5,3.26,3.16,2.07,2.52,2.33,2.24,4.3,4.7,5.2,5.7,3.9,4.3,4.7,4.7,40,37,33,36,353,345,346,345,2.9,3,3.5,3.4,1.5,2,2.3,2
125493,2,3,,3.97,4.78,4.89,5.01,2.97,3.78,3.89,4.01,5.7,5.7,6.3,6.9,8.4,8.4,8.4,7.6,68,71,68,66,73,75,75,359,4,4.8,4.9,5,1.5,1.1,1,0.3
125737,4,5,,4.74,4.96,5.14,5.12,3.74,3.98,4.14,4.12,6.3,6.3,6.9,6.9,8.4,8.4,7.6,8.4,68,70,72,72,75,75,357,356,4.7,5,5.1,5.1,1.4,1.4,0.7,0.7
125738,3,4,,4.49,4.88,4.86,4.91,3.49,3.9,3.86,3.91,6.3,7.6,6.9,6.9,8.4,7.6,7.6,7.6,66,69,70,70,75,357,357,356,4.5,5,4.9,4.9,1.4,0.9,0.8,0.7
126153,2,3,fair,3.18,2.6,3.28,5.12,2.18,1.6,2.28,4.22,4.7,4.7,4.3,5.2,9.3,3.6,8.4,9.3,160,149,196,210,109,211,111,112,3.2,2,3.3,5.7,0.8,1.5,0.9,0.8
126155,1,2,,2.49,1.98,3.22,4.3,1.49,0.98,2.22,3.43,5.2,5.2,3.6,4.7,9.3,9.3,9.3,9.3,110,113,206,216,109,109,110,111,2.4,1.7,3,5,0.8,0.8,0.9,0.9
126935,,,,2.75,2.96,2.38,2.1,1.84,2.08,1.47,1.1,3.9,4.3,3.9,3.2,5.2,3.9,3.6,3.2,317,291,295,327,277,344,345,16,3,2.4,1.8,2,1.8,2.1,1.7,0.5
126936,,,,0.33,0.35,0.29,0.23,0,0,0,0,7.6,7.6,7.6,5.7,0,0,0,6.9,257,255,256,262,0,0,0,255,0.3,0.3,0.3,0.2,0,0,0,0.2
127229,6,7,,9.67,8.76,8.41,10.32,7.55,6.64,6.26,7.22,12.3,12.3,12.3,16.3,5.2,5.7,5.7,11.2,212,213,212,197,105,100,102,216,7.6,6.7,6.3,5.1,5.3,5.5,5,5
127509,5,6,,6.96,5.74,6.85,5.86,5.96,5.28,6.09,5.25,9.3,7.6,11.2,9.3,6.9,11.2,6.3,11.2,42,48,48,45,332,50,349,54,6.5,5.3,6.1,5.2,4.9,3.4,1.3,2.9
127567,,,,0.89,0.92,0.57,4.24,0,0,0,3.31,3.6,3.6,3.6,4.3,3.2,5.7,5.7,4.7,219,213,198,314,187,17,16,16,0.5,0.8,0.4,4.6,0.5,0.4,0.3,0.7
127694,0,1,,1.14,1.2,1.35,1.43,0.14,0.23,0.35,0.47,6.3,7.6,6.9,7.6,9.3,3.9,3.9,4.3,313,315,316,316,163,297,299,313,1.1,1.2,1.3,1.4,0.3,0.3,0.3,0.4
127695,1,2,,3.72,3.23,3.67,3.94,2.74,2.32,2.67,3.02,6.9,6.9,4.3,4.7,3.9,4.3,5.7,5.2,69,67,327,329,330,328,52,53,3.8,3.5,3.7,4.3,2.5,3.4,1.7,1
127696,8,9,,6.67,5.78,5.97,5.15,5.67,4.84,5.01,4.15,6.9,7.6,7.6,6.9,6.9,6.9,6.3,6.9,27,34,29,30,349,350,349,349,6.7,5.8,6.2,5.2,5.5,5.1,3.8,3.5
127813,0,1,,1.81,2.17,5.42,6.47,0.96,1.17,4.5,5.47,3.6,3.9,5.2,5.7,0,0,0,0,241,218,227,270,0,0,0,0,2.1,2.2,5.9,6.5,0,0,0,0
128083,1,2,POOR TO FAIR,1.33,1.23,1.15,1.27,0.33,0.23,0.15,0.27,10.2,10.2,11.2,11.2,14.9,14.9,13.5,13.5,189,189,188,188,218,218,219,219,0.9,0.9,0.9,0.9,0.9,0.8,0.7,0.7
128357,,,,0.31,0.25,0.35,2.81,0,0,0,1.9,6.9,6.9,6.9,3.9,2.9,0.0,2.4,6.9,210.0,210.0,210.0,124.0,315.0,0.0,120.0,210.0,0.3,0.2,0.3,3.1,0.1,0,0.2,0.2
128361,0,1,,1.87,2.19,4.52,4.63,0.87,1.19,3.68,3.69,5.2,3.9,6.3,6.3,2.9,0,0,0,292,241,262,277,265,0,0,0,1.6,2.2,5.4,4.9,0.7,0,0,0
128363,0,1,,1.33,1.27,2.25,2.32,0.43,0.27,1.41,1.32,2.9,2.7,5.2,3.2,2.7,0,0,5.7,319,244,222,290,17,0,0,234,1.4,1.3,2.7,2,0.3,0,0,1
128365,0,1,,0,0.91,1.38,1.48,0,0.07,0.44,0.59,0,2.4,2.4,2.9,0,6.3,2.9,6.9,0,262,266,281,0,180,292,161,0,1.1,1.2,1.6,0,0.1,0.9,0.2
128366,0,1,,0,1.69,1.84,1.65,0,0.96,0.84,0.74,0,3.9,4.7,2.9,0,0,2.7,2.9,0,185,177,324,0,0,251,15,0,2.3,1.4,1.7,0,0,1.1,0.4
128533,2,3,,4.02,3.17,4.68,6.18,3.13,2.17,3.68,5.18,5.7,3.9,5.2,6.3,5.7,5.7,5.7,0,325,264,254,258,252,338,345,0,4.5,2.3,4.7,6.2,1.1,2.2,0.2,0
128911,2,3,,4.55,3.68,4.02,6.16,3.5,3.07,2.81,4.31,12.3,11.2,11.2,16.3,4.3,4.3,3.9,3.9,200,200,202,195,45,51,46,48,3.7,3.1,2.6,3.4,3.5,2.9,2.6,2.5
128959,0,1,,0.14,1.29,2.7,3.13,0,0.29,1.85,2.22,4.3,3.9,4.3,4.7,0,2.4,0,0,360,213,225,240,0,180,0,0,0.1,1.2,3.2,3.4,0,0.4,0,0
129505,1,2,,3.88,3.56,3.4,3.25,2.85,2.78,2.4,2.25,9.3,9.3,9.3,9.3,11.2,10.2,10.2,10.2,178,177,176,174,203,202,203,203,2.9,2.8,2.7,2.6,2.5,2.4,2.3,2.2
129661,2,3,poor to fair,4.34,4.23,4.99,6.13,3.38,3.23,3.99,5.24,5.2,5.7,5.7,6.3,8.4,8.4,8.4,10.2,177,190,192,192,113,111,111,118,4.5,4.2,5,6.9,0.8,0.7,0.6,0.5
129680,5,6,,5.86,7.14,6.82,4.72,4.86,6.16,5.91,3.72,6.3,6.3,6.3,6.3,12.3,12.3,11.2,6.3,55,58,64,50,306,306,306,69,5.9,7.3,7.4,4.7,2.3,2,1.7,3.5
129699,4,5,,3.36,4.02,3.72,3.52,2.36,3.03,2.98,2.84,8.4,11.2,9.3,9.3,11.2,4.7,11.2,11.2,170,186,176,174,204,201,203,203,2.4,3.6,3,2.9,2.3,1.3,2.2,2.1
129960,5,6,,5.91,6.23,6.19,6.09,4.91,5.25,5.23,5.09,7.6,6.9,7.6,7.6,8.4,8.4,8.4,8.4,79.0,80.0,83.0,83.0,354.0,354.0,352.0,349.0,5.9,6.3,6.4,6.1,1.1,0.9,0.8,0.7
130197,3,4,,4.5,5.68,9.24,10.09,3.5,4.68,8.3,9.12,5.2,5.7,6.9,6.9,5.7,5.7,0,0,303,278,279,279,17,355,0,0,4.5,5.7,9.8,10.3,1.1,0.7,0,0
130559,1,2,POOR TO FAIR,1.27,1.32,1.35,1.47,0.27,0.32,0.35,0.47,11.2,11.2,11.2,11.2,8.4,14.9,12.3,11.2,186,186,186,185,165,214,276,274,1,1,1,1,0.4,0.4,0.7,0.8
130569,2,3,,3.1,3.26,3.39,3.46,2.1,2.28,2.4,3.13,7.6,7.6,8.4,9.3,10.2,10.2,10.2,9.3,162.0,161.0,157.0,157.0,202.0,202.0,192.0,191.0,3.1,3.3,3.1,3.2,1.9,1.8,2.2,2.1
130579,1,2,POOR TO FAIR,2.23,2.1,2,1.77,1.26,1.14,1,0.77,6.9,6.9,6.3,6.3,8.4,8.4,8.4,8.4,36.0,41.0,45.0,48.0,103.0,103.0,103.0,104.0,2.8,2.5,2.1,1.7,1.4,1.4,1.4,1.4
131234,,,,0,0,1.89,2.89,0,0,0.89,2.1,0.0,0.0,3.2,4.3,0.0,0.0,2.7,3.9,0.0,0.0,331.0,324.0,0.0,0.0,18.0,15.0,0,0,1.8,3.7,0,0,0.6,0.5
131237,2,3,,3.43,2.91,1.77,1.04,2.6,2,0.81,0.04,4.7,5.2,5.2,5.7,6.9,6.9,6.3,5.2,315.0,314.0,319.0,223.0,225.0,224.0,224.0,324.0,4.1,2.8,1.4,1,1.6,1.4,1.2,0.3
131349,1,2,,2.54,2.02,1.42,1.67,1.74,1.13,0.42,0.67,4.7,4.7,4.3,7.6,7.6,7.6,6.9,2.4,264.0,267.0,265.0,44.0,65.0,60.0,70.0,80.0,3.2,1.9,0.9,1.5,1.5,1.2,0.7,0.6
131568,4,5,,4.29,4.93,4.64,4.78,3.29,3.93,3.64,3.8,5.7,5.7,6.9,5.7,8.4,7.6,5.7,7.6,63.0,72.0,101.0,73.0,125.0,125.0,62.0,110.0,4.3,4.9,4.6,4.9,2.7,2.6,3.5,3.7
131699,1,2,poor,1.73,2.23,3.13,7.1,0.73,1.23,2.13,6.3,4.7,4.7,5.2,6.9,10.2,2.7,3.9,0,157,166,176,190,123,120,175,0,1.6,1.9,3.1,8.9,0.7,1,1.5,0
131701,7,8,,8.27,7.91,7.17,6.56,7.33,6.99,6.23,5.58,8.4,9.3,8.4,8.4,9.3,9.3,9.3,8.4,114.0,114.0,116.0,119.0,37.0,36.0,36.0,37.0,8.8,8.6,7.6,6.7,1.4,1.5,1.5,1.5
131975,,,,7.83,8.29,11.3,13.97,6.55,6.93,10.16,12.58,9.3,12.3,13.5,13.5,13.5,9.3,4.7,4.7,352,327,337,337,320,352,59,64,3.6,4,7.3,9,3.1,3.1,2.7,2.2
132250,2,3,,2.27,2.59,2.33,2.37,1.5,1.6,1.33,1.4,3.6,3.9,3.9,3.9,3.6,3.9,0.0,0.0,303.0,312.0,312.0,303.0,15.0,220.0,0.0,0.0,2.9,2.6,2.3,2.4,0.3,0.3,0,0
132252,1,2,,0,2.19,2.48,2.2,0,1.28,1.58,1.2,0.0,3.9,4.7,5.2,0.0,3.9,4.7,4.7,0.0,25.0,24.0,19.0,0.0,350.0,347.0,350.0,0,1.9,2.2,1.7,0,1.4,1.7,1.4
132253,0,1,,0.55,0.58,0.94,0.73,0,0,0,0,4.3,3.9,3.9,4.3,0.0,2.4,2.4,2.4,29.0,33.0,25.0,24.0,0.0,336.0,340.0,333.0,0.6,0.5,0.8,0.6,0,0.3,0.5,0.4
132254,1,2,,2.08,2.18,1.98,2.51,1.08,1.26,0.98,1.51,3.9,3.6,3.6,3.6,0.0,0.0,0.0,0.0,267.0,282.0,268.0,243.0,0.0,0.0,0.0,0.0,2.1,2.4,2,2.5,0,0,0,0
132255,3,4,,3.55,3.73,3.62,3.24,2.68,2.82,2.62,2.24,4.7,5.2,4.7,4.7,0.0,0.0,0.0,0.0,264.0,278.0,281.0,274.0,0.0,0.0,0.0,0.0,4.1,4.1,3.6,3.2,0,0,0,0
132274,,,,0,0.32,2.42,3.18,0,0,1.73,2.18,0.0,2.4,4.3,4.7,0.0,0.0,5.2,5.7,0.0,282.0,323.0,320.0,0.0,0.0,16.0,15.0,0,0.3,3.5,3.2,0,0,0.4,0.3
132275,0,1,,1.23,1.13,0.81,0.19,0.23,0.26,0.03,0,3.2,2.9,2.9,3.2,0.0,0.0,0.0,0.0,63.0,50.0,48.0,65.0,0.0,0.0,0.0,0.0,1.2,1.3,1,0.2,0,0,0,0
132277,0,1,,1.14,1.44,1.48,2.18,0.14,0.48,0.48,1.18,3.6,3.6,3.6,2.9,0.0,2.9,2.9,3.6,45.0,38.0,34.0,319.0,0.0,360.0,358.0,26.0,1.1,1.5,1.4,2,0,0.3,0.5,0.9
132279,,,,0,0,0.85,1.45,0,0,0.25,0.76,0.0,0.0,2.4,2.9,0.0,0.0,2.4,2.7,0.0,0.0,342.0,287.0,0.0,0.0,27.0,15.0,0,0,1.1,2.1,0,0,0.9,0.2
132280,0,1,,0.56,0.75,1.53,1.72,0,0,0.83,0.75,3.9,3.9,2.9,3.2,0.0,0.0,2.9,2.9,56.0,58.0,333.0,280.0,0.0,0.0,30.0,312.0,0.6,0.8,1.6,1.3,0,0,1.3,1.2
132587,1,2,POOR TO FAIR,3.1,3.25,3.3,3.24,2.1,2.25,2.33,2.24,9.3,13.5,13.5,13.5,13.5,9.3,8.4,10.2,311,297,299,297,302,313,315,266,2.7,2.7,2.4,2.3,2.7,2.2,1.7,1.5
133157,1,2,POOR TO FAIR,1.37,1.39,1.49,1.57,0.4,0.39,0.49,0.7,4.3,5.2,5.7,6.3,2.7,10.2,10.2,10.2,154,176,186,185,178,118,119,127,1.9,3.1,5.8,7.8,0.9,0.8,0.7,0.4
133158,1,2,POOR TO FAIR,1.45,1.46,1.51,1.58,0.48,0.46,0.51,0.69,4.3,5.2,5.7,6.3,2.7,10.2,10.2,10.2,154,176,186,185,178,118,119,127,1.9,3.1,5.8,7.8,0.9,0.8,0.7,0.4
133159,1,2,POOR TO FAIR,1.75,1.43,1.13,1.37,0.83,0.43,0.13,0.53,4.7,5.7,5.7,6.3,8.4,3.6,10.2,10.2,170,184,194,195,111,226,117,124,3.7,3.9,5.1,7.9,0.7,1.6,0.8,0.6
133190,3,4,poor to fair,4.87,4.38,3.8,3.24,3.91,3.4,2.8,2.24,10.2,10.2,9.3,9.3,0.0,0.0,2.4,3.6,267.0,266.0,265.0,264.0,0.0,0.0,268.0,267.0,5,4.4,3.8,3.2,0,0,0.7,1.7
133191,1,2,poor,4.89,4.41,3.58,3.14,4.38,3.95,2.59,2.14,11.2,11.2,10.2,9.3,0.0,14.9,3.6,13.5,267.0,266.0,265.0,264.0,0.0,210.0,300.0,214.0,4.5,4,3.5,3.1,0,0.1,0.2,0.2
133192,,,flat,2.31,2.04,1.87,1.67,1.32,1.06,0.87,0.67,11.2,11.2,11.2,9.3,0,0,0,13.5,254,255,255,254,0,0,0,210,2.3,2.1,1.9,1.7,0,0,0,0.1
133984,,,,4.38,4.26,5.87,7.56,3.38,3.26,4.91,6.33,9.3,12.3,13.5,13.5,13.5,9.3,4.7,4.7,352,327,337,337,320,352,59,64,3.6,4,7.3,9,3.1,3.1,2.7,2.2
134311,1,2,,2.62,2.35,2.22,2.5,1.63,1.37,1.22,1.55,11.2,11.2,11.2,9.3,6.3,0.0,2.4,3.2,259.0,256.0,256.0,257.0,247.0,0.0,245.0,251.0,2.1,2.4,2.2,1.9,1.6,0,0.3,1.8
134569,,,,6.19,6.84,10.39,13.06,5.18,5.73,8.93,11.21,9.3,12.3,13.5,13.5,13.5,9.3,4.7,4.7,352,327,337,337,320,352,59,64,3.6,4,7.3,9,3.1,3.1,2.7,2.2
135846,1,2,POOR TO FAIR,1.76,1.78,1.66,1.6,0.76,0.78,0.66,0.6,14.9,14.9,11.2,11.2,11.2,11.2,14.9,13.5,220,220,186,186,186,186,220,220,0.8,0.8,0.8,0.8,0.8,0.8,0.7,0.7
135847,,,POOR,1.21,1.26,1.21,1.19,0.21,0.26,0.21,0.19,14.9,14.9,11.2,11.2,11.2,11.2,14.9,13.5,220.0,220.0,186.0,186.0,186.0,186.0,220.0,220.0,0.8,0.8,0.8,0.8,0.8,0.8,0.7,0.7
136616,1,2 ,poor,0.22,0,1.52,1.83,0,0,0.76,0.95,4.3,2.9,4.3,4.7,4.3,0.0,0.0,0.0,357.0,169.0,246.0,249.0,20.0,0.0,0.0,0.0,0.3,1.2,2.2,2.6,0.2,0,0,0
137586,1,2,POOR,1.48,1.84,2.75,4.47,0.48,0.84,1.75,3.6,4.7,4.7,5.2,6.9,10.2,2.7,3.9,0,157,166,176,190,123,120,175,0,1.6,1.9,3.1,8.9,0.7,1,1.5,0
13830,,,,1.1,1.09,1.08,1.1,0.1,0.09,0.08,0.1,5.2,5.7,5.7,12.3,11.2,11.2,11.2,5.7,17,16,16,327,197,197,197,16,1.5,1.5,1.3,1.1,1.2,1.1,1.1,1.1
139023,,,FLAT,0.91,0.92,1.01,1.12,0,0,0.01,0.17,14.9,14.9,14.9,11.2,10.2,10.2,12.3,13.5,214.0,215.0,215.0,274.0,194.0,195.0,275.0,215.0,0.8,0.8,0.7,0.9,0.6,0.6,0.7,0.6
139184,2,3,POOR,3.97,3.29,4.22,5.14,3.06,2.29,3.22,4.23,5.2,5.7,5.7,6.3,8.4,8.4,8.4,10.2,177,190,192,192,113,111,111,118,4.5,4.2,5,6.9,0.8,0.7,0.6,0.5
139212,,,FLAT,1.13,1.97,1.93,1.7,0.13,1.04,1.03,0.7,6.9,6.9,6.9,6.3,6.3,3.2,5.7,4.3,23,27,31,34,360,41,360,360,2.2,2.4,2.2,1.9,0.7,0.9,0.5,0.4
139214,1,2,POOR TO FAIR,2.26,2.2,2.09,1.85,1.3,1.24,1.09,0.85,6.9,6.9,6.3,6.3,8.4,8.4,8.4,8.4,36,41,45,48,103,103,103,104,2.8,2.5,2.1,1.7,1.4,1.4,1.4,1.4
139590,1,2,FAIR,1.26,1.16,1.06,1.22,0.28,0.16,0.06,0.22,10.2,10.2,11.2,11.2,14.9,14.9,13.5,13.5,189.0,189.0,188.0,188.0,218.0,218.0,219.0,219.0,0.9,0.9,0.9,0.9,0.9,0.8,0.7,0.7
140552,1,2,POOR,1.5,1.59,1.6,1.6,0.5,0.59,0.62,0.6,9.3,13.5,13.5,13.5,13.5,9.3,8.4,10.2,311.0,297.0,299.0,297.0,302.0,313.0,315.0,266.0,2.7,2.7,2.4,2.3,2.7,2.2,1.7,1.5
141048,,,FLAT,0.99,1.42,1.43,1.33,0,0.51,0.5,0.39,6.9,6.9,6.9,6.3,6.3,3.2,5.7,4.3,23,27,31,34,360,41,360,360,2.2,2.4,2.2,1.9,0.7,0.9,0.5,0.4
142785,1,2,POOR TO FAIR,1.07,1.22,1.43,1.62,0.07,0.22,0.48,0.67,14.9,14.9,14.9,11.2,10.2,10.2,12.3,13.5,214.0,215.0,215.0,274.0,194.0,195.0,275.0,215.0,0.8,0.8,0.7,0.9,0.6,0.6,0.7,0.6
143998,1,2,POOR,1.8,2.11,3.78,5.67,0.8,1.11,2.78,4.67,4.3,5.2,5.7,6.9,10.2,9.3,9.3,9.3,167,182,175,198,124,124,120,120,2.1,2.8,4.4,8.8,0.6,0.6,0.5,0.4
146850,1,2,POOR,1.22,1.2,1.15,1.16,0.22,0.23,0.15,0.16,14.9,14.9,14.9,11.2,10.2,10.2,12.3,13.5,214.0,215.0,215.0,274.0,194.0,195.0,275.0,215.0,0.8,0.8,0.7,0.9,0.6,0.6,0.7,0.6
147875,1,2,POOR,2.17,2.3,3.73,6.85,1.17,1.3,2.73,5.97,4.7,5.2,5.7,6.9,10.2,10.2,9.3,0,173,177,179,186,124,124,124,0,2.1,2.2,3.8,8.4,0.6,0.6,0.7,0
16175,4,7,fair to good,4.03,5.04,5.78,5.26,2.82,3.53,4.04,4.18,18,18,18,4.7,10.2,10.2,10.2,16.3,190,191,195,55,206,205,205,195,1.9,2.5,3.1,4.6,1.5,1.6,1.7,3.1
16699,6,7,,8.43,8.1,7.58,6.31,5.9,5.67,5.3,4.42,14.9,14.9,14.9,13.5,10.2,10.2,10.2,10.2,201,202,202,202,195,195,206,207,5,4.8,4.6,4.3,3,2.9,2.2,2.1
17424,10,11,,7.58,11.13,15.49,18.35,6.58,10.13,14.49,16.43,6.9,8.4,9.3,11.2,10.2,0.0,0.0,0.0,238.0,245.0,253.0,262.0,263.0,0.0,0.0,0.0,7.6,11.1,15.5,17.5,5.4,0,0,0
17513,1,2,POOR,2.45,2.36,2.19,1.9,1.48,1.39,1.19,0.9,6.9,6.9,6.3,6.3,8.4,8.4,8.4,8.4,36,41,45,48,103,103,103,104,2.8,2.5,2.1,1.7,1.4,1.4,1.4,1.4
18822,3,4,,4.74,4.37,4.31,4.29,3.74,3.37,3.31,3.29,7.6,7.6,8.4,8.4,0,0,0,0,111,111,111,109,0,0,0,0,4.7,4.4,4.3,4.3,0,0,0,0
20897,2,3,poor to fair,3.43,3.54,4.19,3.9,2.43,2.54,3.3,3.01,4.3,4.7,5.7,5.7,10.2,11.2,9.3,11.2,126,117,111,117,128,135,120,135,3.4,3.5,4.7,4.4,0.4,0.4,0.4,0.4
20914,1,2,poor to fair,2.2,2.89,4.42,8.4,1.2,1.89,3.42,7.44,4.3,5.2,5.7,6.9,10.2,9.3,9.3,9.3,167,182,175,198,124,124,120,120,2.1,2.8,4.4,8.8,0.6,0.6,0.5,0.4
2132,4,6,fair to good,5.5,5.72,9.9,12.03,3.85,4,7.22,8.83,9.3,12.3,13.5,13.5,13.5,9.3,4.7,4.7,352,327,337,337,320,352,59,64,3.6,4,7.3,9,3.1,3.1,2.7,2.2
2133,2,3,fair,4.45,4.32,6.47,8.21,3.11,3.02,5.17,6.62,14.9,13.5,12.3,12.3,8.4,8.4,11.2,11.2,324,326,335,335,343,343,195,195,2.5,2.8,5.2,7,2.4,2,1,1
2134,1,2,poor,1.6,1.78,1.86,1.81,0.6,0.79,0.86,0.81,12.3,4.7,4.7,4.7,7.6,7.6,7.6,7.6,198,81,81,82,84,85,86,85,1,1,1.2,1.1,1,1,1,1
2135,2,3,poor,5.43,5.57,8.57,11.42,3.91,3.9,6.05,8.3,9.3,13.5,13.5,13.5,4.7,4.7,4.7,4.7,352,325,335,337,42,51,57,62,3.9,3.3,6.1,8.4,3,3.2,3.2,2.7
2136,1,2,,3.42,3.87,4.02,3.95,2.42,2.87,3.06,2.98,6.9,6.9,6.3,6.3,11.2,11.2,11.2,11.2,64,64,66,67,198,197,197,197,3.4,3.9,4.2,4.1,1.2,1.1,1.1,1
2137,3,4,,4.12,3.71,3.27,3.43,3.21,2.99,2.27,2.43,12.3,12.3,11.2,11.2,3.6,3.6,4.3,4.7,287.0,265.0,250.0,247.0,43.0,41.0,138.0,147.0,3.2,3,2.9,2.8,1.4,1.1,1.3,2.2
2138,3,5,fair to good,5.23,4.8,3.65,3.4,4.16,3.36,2.92,2.4,12.3,12.3,11.2,10.2,3.2,12.3,8.4,14.9,299,299,261,257,238,250,310,221,4.4,3.3,2.9,3.1,1.3,2,1.6,0.8
2139,3,4,fair to good,5.2,4.61,3.82,3.65,3.64,3.22,2.67,2.56,13.5,13.5,11.2,13.5,7.6,11.2,13.5,10.2,302,301,265,293,325,259,293,258,3.5,2.9,2.2,2.1,2.2,1.9,2.1,2.1
2141,,,flat,0.49,0.5,0.56,0.68,0,0,0,0,11.2,11.2,11.2,11.2,8.4,14.9,11.2,11.2,181,181,270,269,165,232,181,181,0.3,0.3,0.3,0.5,0.3,0.3,0.3,0.3
2142,1,2,poor,1.2,1.21,1.17,1.2,0.2,0.21,0.17,0.2,14.9,14.9,11.2,11.2,11.2,11.2,14.9,13.5,220,220,186,186,186,186,220,220,0.8,0.8,0.8,0.8,0.8,0.8,0.7,0.7
2143,2,3,poor to fair,1.18,1.26,1.38,1.55,0.18,0.26,0.38,0.55,11.2,11.2,11.2,11.2,8.4,14.9,12.3,11.2,186,186,186,185,165,214,276,274,1,1,1,1,0.4,0.4,0.7,0.8
2144,1,3,poor to fair,1.33,1.27,1.22,1.33,0.33,0.27,0.22,0.33,10.2,10.2,11.2,11.2,14.9,14.9,13.5,13.5,189,189,188,188,218,218,219,219,0.9,0.9,0.9,0.9,0.9,0.8,0.7,0.7
2145,2,3,poor,3.01,3.42,3.57,7.18,2.01,2.42,2.57,6.18,4.3,5.2,6.3,6.3,2.7,4.7,3.9,12.3,122,177,183,199,105,79,129,135,2.8,2.9,3.6,7.2,0.7,1.6,2.4,0.5
2146,1,2,poor,2.22,2.38,3.84,7.25,1.22,1.38,2.84,6.39,4.7,5.2,5.7,6.9,10.2,10.2,9.3,0,173,177,179,186,124,124,124,0,2.1,2.2,3.8,8.4,0.6,0.6,0.7,0
2147,1,2,poor,1.93,2.16,3.83,6.07,0.93,1.16,2.83,5.27,4.7,4.7,5.2,6.9,10.2,10.2,10.2,0,158,167,178,179,122,122,121,0,1.8,2,3.8,7.6,0.7,0.8,0.7,0
2148,1,2,poor,1.65,1.77,4.09,4.86,0.66,0.77,3.17,4,4.7,4.7,5.2,6.9,10.2,10.2,10.2,0,152,157,174,167,120,120,120,0,1.6,1.6,4.4,5.7,0.6,0.6,0.6,0
2149,1,2,poor to fair,2.22,3.05,5.62,6.33,1.22,2.05,4.65,5.52,4.3,5.2,5.7,6.3,2.7,10.2,10.2,10.2,154,176,186,185,178,118,119,127,1.9,3.1,5.8,7.8,0.9,0.8,0.7,0.4
2150,1,2,poor to fair,3.65,3.94,5.05,6.48,2.65,2.94,4.05,5.65,4.7,5.7,5.7,6.3,8.4,3.6,10.2,10.2,170,184,194,195,111,226,117,124,3.7,3.9,5.1,7.9,0.7,1.6,0.8,0.6
2151,1,2,,3.78,3.02,4.1,5.94,2.83,2.02,3.1,5.01,5.2,4.7,4.7,5.2,9.3,8.4,8.4,9.3,175,184,197,206,110,111,113,113,4,2.9,4.1,6.4,0.8,0.8,0.8,0.8
2152,1,2,poor to fair,2.31,1.93,3.11,3.52,1.31,0.93,2.14,2.52,5.7,5.7,3.2,4.3,9.3,9.3,5.7,9.3,85,92,213,214,109,110,94,107,2.1,1.7,2.8,3.5,0.9,0.9,1.2,1.1
2153,1,2,poor to fair,3.02,2.66,2.31,1.97,2.06,1.69,1.31,0.97,6.9,6.3,6.3,6.3,9.3,9.3,9.3,9.3,48,52,56,61,106,106,106,106,2.8,2.4,1.9,1.4,1.3,1.3,1.3,1.3
2154,1,2,poor to fair,3.09,2.83,2.58,2.22,2.13,1.87,1.58,1.22,6.9,6.9,6.3,6.3,8.4,8.4,8.4,8.4,36,41,45,48,103,103,103,104,2.8,2.5,2.1,1.7,1.4,1.4,1.4,1.4
2155,1,2,poor to fair,2.39,2.45,2.25,1.99,1.42,1.55,1.27,0.99,6.9,6.9,6.9,6.3,6.3,3.2,4.7,3.9,25.0,29.0,34.0,37.0,360.0,48.0,360.0,360.0,2.4,2.5,2.3,2,0.7,0.9,0.3,0.2
2156,,,flat,0.25,0.1,0.34,0.6,0,0,0,0,4.7,4.7,4.3,4.7,0,0,0,0,276,270,160,160,0,0,0,0,0.3,0.1,0.3,0.8,0,0,0,0
2158,2,3,poor to fair,2.38,2.27,2.17,2.2,1.38,1.27,1.17,1.2,11.2,14.9,14.9,14.9,6.9,6.9,11.2,11.2,300,303,302,297,301,301,187,187,1.4,1.1,1.2,1.5,1.1,1.1,1,1
2159,2,3,fair,4.4,4.55,3.76,3.59,3.08,3.36,2.65,2.53,12.3,12.3,12.3,12.3,6.3,6.3,5.7,5.7,309,311,308,310,37,37,37,36,3.1,3.4,2.6,2.5,3,2.8,2.4,1.9
2160,2,3,fair,2.84,3.6,3.66,4.13,1.91,2.6,2.75,3.19,4.7,5.7,7.6,7.6,13.5,13.5,10.2,18,325,318,315,316,302,302,201,187,3,2.6,4,4.2,1.5,1.5,1.4,1.5
2161,2,3,,3.28,3.18,3.06,2.95,2.33,2.21,2.06,1.95,6.9,6.9,6.3,6.3,8.4,8.4,8.4,8.4,23,27,31,39,102,103,102,102,2.4,2.4,2.3,2.3,1.8,1.8,1.7,1.7
2162,1,2,poor to fair,4.45,4.94,5.12,5.02,3.47,3.99,4.12,4.03,5.2,5.7,5.7,5.7,8.4,8.4,9.3,9.3,67,68,73,76,85,90,343,340,4.5,5.2,5.1,5.1,1.7,1.1,0.9,1.7
2163,3,4,poor to fair,5.95,6.01,6,5.98,4.95,5.03,5.02,4.98,6.9,6.9,6.9,6.9,8.4,8.4,8.4,7.6,82,82,86,85,354,353,350,348,6,6.1,6.1,6,1.3,1.1,1,0.9
2164,5,8,good,5.93,6.19,5.91,5.81,4.15,4.33,4.13,4.07,18,18,16.3,16.3,6.3,6.3,5.7,5.7,195,195,197,197,184,183,185,187,3.1,3.2,3.4,3.3,2.3,2.4,2.4,2.3
2165,5,6,,6.67,6.4,6.24,6.36,4.67,4.48,4.37,4.45,18,18,16.3,16.3,5.7,4.7,4.7,4.3,200,200,201,202,206,30,35,34,3.5,3.6,3.7,3.8,2.1,2.8,2.9,2.1
2166,6,8,good,8.02,7.6,7.54,7.16,5.61,5.32,5.28,5.01,13.5,13.5,13.5,13.5,4.3,5.2,5.2,5.2,203.0,204.0,204.0,204.0,162.0,162.0,158.0,158.0,5.5,5.2,5.1,4.8,3,3,2.8,2.6
2167,4,5,,6.16,5.41,6.25,6.24,5.16,4.42,5.27,5.25,7.6,7.6,7.6,7.6,11.2,6.3,10.2,10.2,106.0,107.0,105.0,104.0,198.0,106.0,196.0,195.0,6.2,5.5,6.4,6.3,1.6,3.2,1.6,1.5
2168,4,5,,5.43,5.39,5.01,4.75,3.8,3.78,3.51,3.33,12.3,12.3,11.2,11.2,13.5,13.5,13.5,13.5,173,173,172,173,223,223,223,223,3.8,3.6,3.5,3.3,2.1,2.5,2.5,2.3
2169,4,4,,4.24,4.44,4.62,4.19,3.19,4.16,4.22,3.26,10.2,5.2,5.7,5.7,4.7,10.2,10.2,9.3,205.0,275.0,275.0,266.0,275.0,205.0,205.0,205.0,3.2,4.4,4.5,4.2,3.1,2.8,2.7,2.4
2170,3,4,poor to fair,5.05,4.63,4,3.29,4.08,3.63,3,2.29,10.2,10.2,9.3,9.3,2.9,3.2,2.9,3.9,259.0,259.0,258.0,259.0,285.0,225.0,255.0,253.0,5.1,4.6,4,3.3,0.2,0.2,1.4,2.8
2171,5,6,,7.04,5.58,7.24,12.98,5.18,4.86,5.87,10.55,10.2,10.2,6.3,12.3,10.2,5.2,12.3,13.5,242.0,258.0,234.0,260.0,278.0,218.0,266.0,201.0,5.2,4.9,5.9,10.6,4.6,3.8,5.1,0.4
2172,1,2,poor,2.41,2.3,2.47,2.38,1.43,1.3,1.47,1.38,3.9,3.9,4.3,4.7,2.4,2.4,0,0,148,178,197,204,151,188,0,0,2.4,2.3,2.5,2.4,0.5,0.5,0,0
2175,2,3,,2.8,3.05,3.47,3.31,1.82,2.06,2.47,2.31,5.2,3.2,3.9,4.7,11.2,14.9,3.9,4.3,120.0,342.0,340.0,340.0,203.0,203.0,27.0,31.0,1.4,1.5,2.4,2.3,1.4,1.2,1.8,1.8
2176,0,1,,0.13,1.12,5.3,8.72,0,0.12,4.32,7.89,8.4,2.4,4.7,6.9,0.0,8.4,10.2,3.2,135.0,182.0,261.0,294.0,0.0,135.0,135.0,15.0,0.1,1.1,5.4,10.5,0,0.1,0.1,0.3
2444,4,6,GOOD TO EPIC,24.57,18.76,14.88,13.37,20,16.79,12.52,11.53,12.3,11.2,11.2,11.2,0.0,0.0,8.4,6.9,247.0,247.0,231.0,217.0,0.0,0.0,298.0,296.0,22.3,17,12.5,11.5,0,0,6,5
2445,3,4,fair to good,5,4.47,4.25,3.69,4.07,3.47,3.31,3.13,12.3,11.2,11.2,10.2,0,0,11.2,11.2,290,292,301,302,0,0,270,270,4.1,4,3.4,3.1,0,0,1.9,1.7
2466,6,7,,6.83,6.53,6.05,3.81,5.86,6.24,5.08,3.2,9.3,9.3,9.3,8.4,6.9,6.9,6.9,6.3,322,318,314,316,30,31,32,291,6.8,6.3,5.7,3.3,3.8,3.2,3,3.3
2467,4,5,,6.3,6.42,4.29,3.86,5.31,5.44,3.29,3.18,6.9,6.9,6.9,4.7,11.2,10.2,4.7,9.3,334,325,328,251,167,171,262,170,6.3,6.6,4.3,3.2,3,2.6,2.8,2.8
2468,1,2,,4.01,2.9,2.98,3.03,3.01,1.95,2.01,2.03,6.9,6.3,6.9,6.3,6.3,6.9,6.9,6.9,23,350,349,347,354,22,21,20,1.8,2.6,2.9,2.9,1.6,2.2,2.2,2
2469,3,4,,3.12,4.14,3.6,6.3,2.19,3.14,3.34,4.63,13.5,13.5,6.9,12.3,3.6,3.6,12.3,6.9,213.0,213.0,249.0,220.0,285.0,305.0,217.0,253.0,2.2,2.1,3.3,4.6,1.6,1.4,2,3.5
25240,5,6,,5.26,5.88,6.53,6.41,4.26,4.88,5.53,5.41,6.3,6.3,6.3,6.3,8.4,8.4,4.7,3.6,76.0,74.0,75.0,76.0,75.0,75.0,360.0,360.0,5.3,5.9,6.5,6.4,1.2,1.1,0.3,0.2
26880,5,6,,6.45,6.36,6.15,5.91,5.45,5.36,5.15,4.57,9.3,9.3,9.3,9.3,7.6,9.3,8.4,11.2,77,77,75,87,353,338,335,56,6.5,6.4,6.2,4.6,0.5,0.7,0.7,3.7
2727,2,3,,3.23,4.09,5.3,5.4,2.23,3.09,4.3,4.4,4.7,5.2,5.7,6.9,8.4,8.4,10.2,9.3,61,64,85,86,100,103,344,339,3.2,4.1,5.3,5.4,3.1,2.8,1,1.9
2731,1,2,,2.97,2.96,2.85,6.54,2.05,1.96,1.85,5.58,4.7,5.2,3.6,5.2,9.3,9.3,9.3,9.3,311,325,218,181,119,120,121,123,3.2,1.7,1.9,6.8,1.9,1.7,1.5,1.3
2732,4,5,,5.58,4.3,5.32,4.78,4.58,3.3,4.32,3.79,6.9,8.4,8.4,4.7,0,6.9,2.4,9.3,93,115,103,324,0,81,195,100,5.6,4.1,5.3,4.8,0,3.7,0.4,4.3
2734,3,4,,4.88,4.85,4.93,4.84,3.89,3.89,3.95,3.9,6.9,6.9,6.9,6.9,14.9,14.9,13.5,13.5,55,56,56,56,150,150,150,151,4.9,5.1,5,5.2,1.4,1.8,1.9,1.9
2739,3,5,,4.66,4.57,4.48,4.31,3.26,3.2,3.14,3.02,13.5,12.3,12.3,11.2,7.6,7.6,8.4,9.3,358.0,357.0,358.0,358.0,295.0,295.0,295.0,293.0,2.9,3.1,3.1,2.9,2.6,2.7,2.4,2.8
2740,3,4,,4.97,4.56,5.16,4.68,3.68,3.61,3.61,3.33,5.7,6.3,6.3,6.3,10.2,10.2,12.3,12.3,61,62,64,67,202,198,206,209,3.7,3.6,3.5,3.3,3,2.4,2.9,2.3
2742,8,10,good,3.97,4.93,5.59,5.08,2.78,3.45,3.91,3.56,18,18,18,16.3,10.2,10.2,10.2,10.2,189,190,194,191,205,205,204,206,1.8,2.4,3,2.8,1.5,1.7,1.8,2.1
2743,5,6,,5.69,5.63,5.53,5.6,4.7,4.63,4.53,4.6,7.6,7.6,7.6,7.6,10.2,10.2,10.2,10.2,103.0,103.0,103.0,103.0,196.0,195.0,195.0,194.0,5.8,5.6,5.5,5.6,1.5,1.5,1.4,1.3
2744,3,4,,4.67,4.29,4,3.46,3.67,3.3,3,2.46,7.6,7.6,7.6,7.6,9.3,11.2,10.2,4.3,73,75,76,86,192,190,189,44,4.7,4.3,4,3.5,1.4,1.2,1.1,2.2
29038,5,7 ,good,5.87,5.76,5.65,5.08,4.91,4.82,4.73,4.25,18,18,16.3,16.3,6.3,6.3,6.3,5.7,193,193,194,196,178,176,177,178,2.8,2.8,2.9,3,2.1,2.1,2.2,2.2
2947,3,4,fair to good,5.18,4.75,4.14,3.81,3.62,3.32,2.9,2.67,13.5,13.5,13.5,13.5,8.4,7.6,10.2,10.2,303,302,300,294,319,325,260,260,3.3,3,2.5,2.3,2.7,2,2,1.9
2948,3,4,fair to good,5.19,4.7,4.23,4.02,3.64,3.29,2.96,2.82,13.5,13.5,13.5,14.9,8.4,8.4,11.2,10.2,301,302,300,295,314,319,262,261,3.3,3,2.6,2.3,2.7,2,1.8,1.8
2949,2,4,fair to good,5.26,5.06,4.26,4.17,3.68,3.54,2.98,2.92,13.5,13.5,13.5,14.9,9.3,8.4,11.2,10.2,302,296,301,298,314,316,263,262,3.2,3.2,2.7,2.4,2.8,2.2,1.7,1.8
2950,1,2,poor to fair,1.32,1.36,1.41,1.54,0.32,0.36,0.41,0.54,11.2,11.2,11.2,11.2,14.9,14.9,14.9,11.2,186,186,186,186,212,212,212,276,0.9,1,1,1,0.8,0.7,0.6,0.7
2951,1,2,poor to fair,1.09,1.11,1.21,1.31,0.09,0.11,0.21,0.34,14.9,14.9,14.9,11.2,10.2,10.2,12.3,13.5,214,215,215,274,194,195,275,215,0.8,0.8,0.7,0.9,0.6,0.6,0.7,0.6
2952,1,2,poor to fair,1.02,1.22,1.49,1.63,0.02,0.22,0.5,0.69,14.9,14.9,12.3,11.2,11.2,14.9,14.9,13.5,215,215,277,273,184,285,216,285,0.6,0.6,1.2,1.2,0.4,0.5,0.5,0.8
2953,1,3,poor to fair,1.31,1.26,1.22,1.34,0.31,0.26,0.22,0.34,10.2,10.2,10.2,10.2,14.9,14.9,13.5,13.5,191,190,189,189,218,218,218,220,0.9,0.8,0.8,0.8,0.8,0.7,0.6,0.6
2955,3,4,fair to good,4.96,4.37,4.22,4,4.04,3.37,3.22,3,12.3,11.2,11.2,11.2,0.0,0.0,0.0,0.0,283.0,285.0,286.0,287.0,0.0,0.0,0.0,0.0,4,3.9,3.8,3.6,0,0,0,0
2956,3,4,fair to good,4.79,4.46,3.72,3.22,3.6,3.34,2.92,2.25,11.2,11.2,11.2,10.2,11.2,4.7,5.7,5.7,300,302,304,306,270,28,351,350,3.6,3.3,3,2.7,2.3,2.1,2.5,2.5
2957,2,4,fair,5.29,5.1,4.32,4.23,3.7,3.57,3.02,2.96,13.5,13.5,13.5,14.9,9.3,8.4,7.6,10.2,302,297,301,298,315,317,320,263,3.2,3.3,2.7,2.5,2.9,2.3,1.7,1.7
2958,1,3,poor to fair,4.68,4.56,3.9,3.64,3.27,3.19,2.73,2.55,9.3,13.5,13.5,13.5,13.5,9.3,8.4,10.2,311,297,299,297,302,313,315,266,2.7,2.7,2.4,2.3,2.7,2.2,1.7,1.5
2959,3,4,fair,4.89,4.81,4.13,3.74,3.42,3.37,2.89,2.62,9.3,13.5,13.5,13.5,13.5,9.3,8.4,10.2,313,300,301,295,304,314,316,282,3,2.8,2.6,2.3,2.7,2.4,1.9,1.8
2960,3,5,,5.26,4.79,4.31,3.93,3.68,3.35,3.01,2.75,9.3,13.5,13.5,13.5,14.9,9.3,9.3,8.4,313.0,304.0,302.0,300.0,305.0,314.0,315.0,319.0,3.3,2.8,2.7,2.6,2.7,2.6,2.1,1.6
2962,2,4,fair,5.25,4.69,4.36,3.45,3.68,3.28,3.05,2.42,10.2,9.3,13.5,13.5,14.9,13.5,9.3,8.4,312,313,302,302,306,304,314,319,3.3,2.7,2.6,2.5,2.5,2.7,2.2,1.5
2963,4,5,,5.46,4.81,4.42,3.76,3.82,3.37,3.09,2.63,10.2,9.3,13.5,13.5,14.9,13.5,9.3,3.6,314,315,301,303,307,306,316,311,3.7,3.1,2.8,2.6,2.5,2.6,2.4,1.9
2964,2,3,,6.13,5.49,5.33,4.88,5.06,4.49,3.92,3.42,11.2,10.2,10.2,10.2,16.3,14.9,14.9,14.9,319,320,321,320,310,311,310,310,5.1,4.6,3.9,3.3,1.3,1.8,2.3,2.4
2965,2,3,,5.39,5.37,4.84,4.6,4.79,4.45,3.94,3.37,11.2,11.2,10.2,10.2,3.6,16.3,14.9,14.9,315,315,316,316,35,310,311,309,4.9,4.5,3.9,3.4,1.4,1.2,1.7,2.1
2966,1,2,poor,5.44,5.23,4.92,4.54,4.44,4.3,3.86,3.36,11.2,11.2,11.2,10.2,10.2,16.3,14.9,14.9,315,314,315,316,195,309,310,309,4.8,4.3,3.9,3.4,0.9,1.1,1.5,1.9
2970,1,2,,5.9,5.34,5.23,5.01,4.75,4.34,4.24,3.74,12.3,11.2,11.2,11.2,4.3,4.3,16.3,14.9,315,318,318,318,351,33,310,311,4.8,4.7,4.2,3.7,1.5,1.1,1.2,1.7
2971,1,2,,5.56,5.63,5.14,4.82,4.47,4.48,4.21,3.82,12.3,12.3,11.2,11.2,3.9,3.9,16.3,14.9,315,317,318,318,42,40,311,311,4.6,4.5,4.2,3.8,1.9,1.1,1.1,1.3
2976,1,2,,5.18,5.82,5.35,5.11,3.75,4.64,4.42,4.05,12.3,12.3,11.2,11.2,8.4,4.3,10.2,16.3,314,319,319,320,319,34,194,311,3.9,4.6,4.4,4.1,2.7,1.1,1.1,1.3
2977,1,2,,4.96,4.72,5.22,4.72,3.47,3.3,3.86,3.59,12.3,12.3,12.3,11.2,8.4,8.4,10.2,18,310,312,316,316,320,322,197,180,3.4,3.3,3.9,3.6,2.8,2.5,1.1,1.2
2978,1,2,,3.64,3.49,4.13,3.45,2.69,3.33,3.13,2.41,4.3,4.3,3.9,3.9,12.3,12.3,12.3,12.3,40,40,36,38,304,306,304,306,3.8,3.4,2.5,2.2,2.6,2.6,2.1,1.8
2979,5,7,good,5.32,5.41,5.21,5.26,3.72,3.79,3.64,3.68,18,18,16.3,16.3,6.3,6.3,6.3,5.7,193,193,194,196,178,176,177,178,2.8,2.8,2.9,3,2.1,2.1,2.2,2.2
2980,6,7,,6.61,7.19,7.49,7.6,5.61,6.19,6.5,6.61,8.4,9.3,8.4,8.4,5.2,5.7,5.2,5.2,63,64,65,64,358,357,356,355,6.6,7.2,7.5,7.7,1,1.1,1.2,1.3
2981,5,7,,8.6,7.39,7.6,7.31,6.02,5.17,5.42,5.21,14.9,13.5,13.5,13.5,10.2,10.2,13.5,3.6,203.0,203.0,201.0,202.0,195.0,196.0,305.0,159.0,5.5,5.1,5.4,5.2,3,2.9,1.4,2
2982,6,7,,8.14,9.4,9.58,9.8,5.7,6.88,7.19,7.56,12.3,12.3,12.3,12.3,7.6,16.3,16.3,14.9,215,210,211,210,197,306,305,305,5.5,6.9,7.4,7.8,3.6,2.3,2.1,1.9
2983,6,7,,11.46,11.72,11.6,11.75,8.74,8.59,8.35,9.76,6.9,6.9,7.6,7.6,12.3,12.3,11.2,11.2,199,188,187,200,221,223,224,216,8.9,8.6,8.4,9.8,7.4,7.8,8,7.4
2984,2,3,,3.36,3.43,4.28,3.53,2.36,2.43,3.28,2.53,6.9,4.3,4.7,5.2,4.3,6.9,6.9,4.7,57,183,196,210,356,64,68,170,3.4,3.4,4.3,3.5,0.5,2.6,1.9,1.9
2989,1,2,,2.73,3.15,2.79,3.32,1.84,2.2,1.79,2.32,4.3,4.7,4.7,4.3,3.9,4.3,4.3,5.2,44,41,49,167,350,347,353,57,3.1,2.5,2.5,2.5,1.7,1.9,0.8,2
2990,2,3,,3.11,2.9,3.08,4.63,2.13,2,2.08,3.64,4.7,5.2,5.2,5.2,4.3,4.7,5.2,5.7,39,39,39,185,348,343,351,49,3.2,3.2,2.5,4.7,2.1,2.4,1.2,1.1
2992,3,4,,4.11,4.33,4.34,4.23,3.13,3.33,3.34,3.23,6.9,6.9,6.9,6.9,10.2,10.2,10.2,10.2,116.0,117.0,117.0,117.0,129.0,130.0,129.0,129.0,4.2,4.3,4.3,4.2,1.3,1.2,1.2,1.2
2993,1,2,poor,2.29,2.2,2.14,1.93,1.38,1.3,1.19,0.93,5.7,6.3,6.3,5.7,9.3,9.3,5.2,9.3,73,70,70,71,38,39,136,40,1.5,1.5,1.4,1.3,1,0.9,0.9,0.7
2994,1,2,,2.49,2.39,2.19,2.04,1.57,1.47,1.28,1.08,5.7,6.3,6.3,6.3,8.4,9.3,9.3,5.2,74,74,74,74,112,41,41,143,1.8,1.8,1.7,1.5,1.1,1,0.9,0.8
2996,7,9,,8.97,8.54,7.99,8.06,7.25,6.8,6.33,6.47,12.3,12.3,12.3,12.3,3.9,4.7,4.7,4.7,238.0,239.0,237.0,236.0,33.0,35.0,35.0,34.0,7.5,7.2,6.7,6.6,2.3,3.1,3.2,2.1
2997,2,3,,2.99,2.82,2.85,3.37,2.04,1.82,1.85,2.37,6.9,6.3,6.3,3.9,13.5,2.9,3.2,6.3,134.0,132.0,133.0,63.0,220.0,64.0,67.0,132.0,3,2.5,2,2.7,0.6,0.7,1.7,1.5
3013,12,13,,11.68,12.44,12.68,12.97,10.45,11.13,11.35,11.6,11.2,11.2,11.2,11.2,0,0,0,0,226,224,224,223,0,0,0,0,10.4,11.2,11.3,11.6,0,0,0,0
3014,8,9,,10.65,10.43,10.75,11.04,8.67,9.34,9.62,9.88,12.3,11.2,11.2,11.2,0,0,0,2.4,236,234,233,232,0,0,0,227,8.7,9.3,9.6,9.9,0,0,0,0.5
3015,1,2,,8.19,7.66,8.18,8.54,6.19,6.55,7.08,7.38,12.3,11.2,11.2,11.2,5.7,5.2,5.2,5.2,223,221,218,216,178,160,151,150,6.2,6.6,7.1,7.4,5.3,4.3,4,4.3
3016,7,8,,9.36,8.3,8.68,8.86,6.55,6.6,7.17,7.36,12.3,6.3,11.2,11.2,6.3,11.2,6.3,6.3,217,164,214,212,153,218,146,145,6.4,6.6,7.2,7.4,5.7,6.4,5.3,5.2
3017,6,7,,6.11,6.74,7.27,7.49,5.11,6.29,5.94,6.4,5.7,6.3,6.9,6.9,12.3,12.3,12.3,12.3,180,176,176,177,227,226,225,224,5.6,6.4,5.9,6.5,4.2,4.5,4.9,5
3018,11,13,,10.88,12.83,13.89,13.46,8.26,11.48,12.43,12.46,11.2,11.2,11.2,10.2,7.6,6.9,11.2,11.2,236.0,248.0,250.0,243.0,268.0,22.0,48.0,45.0,8.3,11.5,12.4,13.3,7.5,0.3,0.2,0.3
3019,6,7,,7.63,7.68,6.74,6.51,5.82,6.02,5.78,5.51,12.3,12.3,11.2,11.2,5.2,5.2,4.7,5.2,226,225,228,228,142,139,154,159,6.1,6,5.8,5.6,4.9,4,4,4.1
3020,7,9,,9.1,8.9,8.69,8.34,7.28,7.15,6.99,6.71,12.3,12.3,12.3,12.3,7.6,6.9,6.9,6.9,244.0,243.0,242.0,242.0,297.0,298.0,299.0,299.0,7.4,7.1,7.1,6.9,2.1,1.9,1.8,1.6
3021,4,5,,4.33,5.23,5.44,5.78,3.33,4.25,4.44,4.78,4.7,5.7,5.7,6.3,7.6,7.6,5.7,6.3,49.0,45.0,43.0,42.0,112.0,111.0,357.0,355.0,4.3,5.3,5.4,5.8,2.1,1.4,1.9,2.3
3022,6,7,,7.51,6.66,6.48,6.6,6.05,5.96,5.48,5.4,12.3,11.2,11.2,11.2,4.3,2.7,2.7,8.4,224,227,229,224,222,228,239,233,6.2,6,5.8,5.4,2.7,0.4,0.4,3.1
3023,5,6,,7.21,6.83,7.54,9.1,6.26,5.36,6.14,6.81,11.2,11.2,8.4,10.2,5.2,7.6,11.2,11.2,226,226,223,216,251,247,237,243,6.3,5.4,6.1,6.8,3.3,4.3,4.9,5.3
3024,1,2,,9.8,8.8,7.22,7.23,7.87,6.86,6.18,6.23,12.3,12.3,5.7,7.6,4.3,5.2,11.2,11.2,217,219,239,234,255,245,223,226,7.9,6.9,6.2,6.6,2.9,4.7,5.6,4.6
3025,5,5,,10.29,8.96,8.09,6.88,7.48,7.18,6.42,5.79,13.5,12.3,12.3,11.2,5.7,6.3,4.3,5.7,211,213,216,217,68,63,233,237,7.6,7.2,6.4,5.8,3.5,2.5,2.9,3.5
3026,5,6,,5.66,6.68,8.57,7.55,5.11,4.68,6,5.91,6.3,14.9,5.2,6.3,11.2,6.3,14.9,13.5,46,196,216,197,210,47,201,202,5.1,4.2,5.7,6.4,2.9,3.5,5.5,5.2
3203,5,8,fair,6.13,7.98,11,12.78,4.29,5.59,8.05,9.38,13.5,13.5,13.5,13.5,9.3,9.3,7.6,6.3,321,333,337,337,25,354,20,40,3.4,5.5,8.4,9.6,3.1,2.3,1.7,2.5
3235,4,6,good,4.3,4.49,4.37,4.25,3.01,3.14,3.06,2.98,4.3,4.7,5.2,5.2,18,18,18,16.3,82,81,86,91,193,192,192,192,2.6,2.9,2.9,2.5,2.1,2.3,2.3,2.3
3236,7,8,,7.05,7.58,7.68,7.73,6.05,6.59,6.7,6.73,8.4,8.4,8.4,8.4,4.3,4.3,4.3,4.3,77.0,77.0,80.0,79.0,360.0,358.0,357.0,357.0,7.1,7.6,7.8,7.7,0.7,0.9,0.9,0.9
3237,1,2,,3.25,4.11,3.98,3.32,2.26,3.11,2.98,2.32,4.3,4.3,4.3,4.7,9.3,9.3,9.3,14.9,41,53,62,62,18,18,360,360,2.7,2.3,2.1,2.1,2.5,2.1,1.7,2
3238,1,2,,1.5,1.49,1.56,1.7,0.5,0.49,0.56,0.7,12.3,11.2,12.3,12.3,13.5,13.5,11.2,11.2,197,197,317,318,315,315,197,197,1.1,1,1.1,1.3,0.9,1,1,1
3239,0,1,,1.57,1.61,1.72,1.91,0.57,0.61,0.72,0.91,12.3,11.2,11.2,12.3,14.9,13.5,12.3,11.2,198,197,197,321,318,316,319,197,1.1,1.1,1.1,1.2,0.8,0.8,0.9,1
3251,7,8,,5.2,6.05,6.24,5.7,3.64,4.24,4.36,3.99,18,18,18,16.3,10.2,10.2,10.2,10.2,194,197,197,196,207,206,206,206,2.6,3.2,3.3,3.2,1.7,1.8,1.9,1.9
3253,5,7,good,4.34,4.88,5.42,4.9,3.04,3.41,3.79,3.43,18,18,18,16.3,10.2,10.2,10.2,10.2,194,194,197,197,208,208,207,207,2.2,2.5,2.8,2.8,1.5,1.6,1.7,1.7
3255,5,6,,8.78,7.81,7.53,7.25,6.14,5.47,5.27,5.07,16.3,14.9,14.9,14.9,10.2,10.2,10.2,10.2,201,201,202,202,205,204,202,201,4.8,4.6,4.4,4.3,2.4,2.4,2.4,2.4
3305,1,2,,3.88,3.12,3.18,2.56,2.88,2.2,2.22,1.56,5.7,4.7,5.2,4.7,5.7,4.7,4.7,7.6,169,28,33,36,120,344,347,122,2.4,3.4,3.3,2.1,1.8,3.1,2.2,1.3
3306,1,2,,3.03,3.04,2.44,1.34,2.03,2.18,1.44,0.34,5.7,3.9,3.6,6.9,2.7,3.9,3.6,2.9,170,335,353,144,295,19,21,346,2.7,2.9,1.4,1,1.3,1.3,1.3,0.8
3307,2,3,,4.38,4.45,3.98,3.53,3.38,3.46,3.09,2.53,5.7,4.7,5.7,5.7,2.4,4.7,5.7,5.7,144,338,345,30,176,24,27,347,4.4,4.5,4.5,3.5,0.3,3.1,4.3,2.7
3308,2,3,,4.53,4.15,3.79,3.53,3.62,3.18,2.83,2.59,6.9,7.6,6.9,6.9,10.2,10.2,10.2,10.2,308,309,309,309,199,199,199,199,5,4.3,3.9,3.7,1.4,1.4,1.4,1.4
3309,3,4,,4.08,3.69,4.48,4.72,3.12,2.75,3.14,3.3,5.7,5.7,5.2,7.6,13.5,13.5,13.5,13.5,316,315,319,318,306,306,305,305,4.2,3.8,2.4,2.7,2,2.1,2.2,2
3310,4,5,,3.3,4.02,4.22,4.6,2.31,2.81,2.95,3.22,10.2,10.2,18,18,19.8,19.8,10.2,10.2,203,202,186,188,183,185,201,201,1.6,1.7,2.1,2.3,1.2,1.6,1.7,1.8
3311,7,8,,3.66,4.24,5.07,4.72,2.56,2.97,3.55,3.31,10.2,18,18,16.3,19.8,10.2,10.2,10.2,204,187,192,190,185,203,202,202,1.6,2,2.6,2.5,1.4,1.7,1.7,1.8
3314,5,7,good,7.15,7.36,6.8,6.6,5,5.15,4.76,4.62,18,18,16.3,16.3,5.7,5.7,5.7,5.7,196,196,197,197,188,190,194,212,3.8,3.9,3.9,3.8,2.7,2.6,2.5,1.9
3476,4,5,,4.43,5.11,5.55,5.2,3.1,3.57,3.89,3.64,13.5,12.3,12.3,11.2,13.5,13.5,12.3,12.3,357,187,185,186,189,358,355,358,2.2,3,3.5,3.4,2.1,2.5,2.7,2.5
3479,5,6,,6.73,5.59,4.69,3.91,5.38,5.18,4.36,2.91,11.2,10.2,10.2,9.3,11.2,10.2,10.2,10.2,186.0,188.0,188.0,185.0,217.0,225.0,225.0,218.0,5.6,5.2,4.4,3.6,2.8,1.7,1.5,1.9
3484,7,8,,8.54,8.4,8.17,7.78,7.56,7.41,7.17,6.78,8.4,8.4,8.4,8.4,11.2,11.2,11.2,12.3,63.0,63.0,63.0,62.0,307.0,305.0,305.0,333.0,8.7,8.5,8.2,7.8,1.6,1.2,1,1
3485,6,7,,6.87,6.92,6.88,6.7,5.88,5.92,5.89,5.71,8.4,8.4,7.6,7.6,11.2,11.2,8.4,8.4,60.0,62.0,63.0,63.0,307.0,307.0,147.0,155.0,7,6.9,7,6.8,1.7,1.4,1.2,1.4
3697,1,2,,2.54,2.14,1.82,2.38,1.56,1.14,0.82,1.38,6.3,5.7,5.7,3.2,9.3,9.3,9.3,9.3,69,75,80,212,109,109,109,109,2.4,1.9,1.4,1.9,1,1,1,1.1
3843,6,7,,6.63,7.02,7.65,8.88,5.39,5.69,6.76,7.95,12.3,12.3,11.2,11.2,3.2,4.3,16.3,0.0,208.0,205.0,190.0,186.0,117.0,135.0,208.0,0.0,5.4,5.7,6.8,7.9,0.3,1.7,0.7,0
4127,2,4,FAIR,3.95,3.78,3.42,3.19,3.31,3.16,2.42,2.19,13.5,13.5,13.5,14.9,9.3,8.4,7.6,10.2,302,297,301,298,315,317,320,263,3.2,3.3,2.7,2.5,2.9,2.3,1.7,1.7
4128,2,4,FAIR,4.38,4.24,3.98,3.48,3.38,3.24,3.33,2.48,13.5,13.5,13.5,14.9,9.3,8.4,7.6,10.2,302,297,301,298,315,317,320,263,3.2,3.3,2.7,2.5,2.9,2.3,1.7,1.7
41373,1,2,POOR TO FAIR,1.54,1.84,3.28,3.59,0.54,0.84,2.28,3.01,4.3,5.2,5.7,6.9,10.2,9.3,9.3,9.3,167,182,175,198,124,124,120,120,2.1,2.8,4.4,8.8,0.6,0.6,0.5,0.4
4152,,,FLAT,4.37,4.41,3.91,3.77,3.37,3.41,3.27,3.16,13.5,13.5,13.5,14.9,9.3,8.4,7.6,10.2,302,297,301,298,315,317,320,263,3.2,3.3,2.7,2.5,2.9,2.3,1.7,1.7
4188,1,2,POOR TO FAIR,3.1,3.25,3.3,3.24,2.1,2.25,2.33,2.24,9.3,13.5,13.5,13.5,13.5,9.3,8.4,10.2,311,297,299,297,302,313,315,266,2.7,2.7,2.4,2.3,2.7,2.2,1.7,1.5
4189,1,2,POOR,1.5,1.59,1.6,1.6,0.5,0.59,0.62,0.6,9.3,13.5,13.5,13.5,13.5,9.3,8.4,10.2,311.0,297.0,299.0,297.0,302.0,313.0,315.0,266.0,2.7,2.7,2.4,2.3,2.7,2.2,1.7,1.5
4190,1,2,POOR TO FAIR,3.07,3.25,3.08,2.7,2.07,2.26,2.08,1.7,9.3,13.5,13.5,13.5,13.5,9.3,8.4,10.2,311.0,297.0,299.0,297.0,302.0,313.0,315.0,266.0,2.7,2.7,2.4,2.3,2.7,2.2,1.7,1.5
4191,1,2,POOR,1.57,1.67,1.64,1.49,0.57,0.67,0.64,0.49,9.3,13.5,13.5,13.5,13.5,9.3,8.4,10.2,311.0,297.0,299.0,297.0,302.0,313.0,315.0,266.0,2.7,2.7,2.4,2.3,2.7,2.2,1.7,1.5
4193,2,3,FAIR,3.03,3.02,3.11,2.84,2.03,2.02,2.11,1.9,10.2,9.3,13.5,13.5,14.9,13.5,9.3,8.4,312,313,302,302,306,304,314,319,3.3,2.7,2.6,2.5,2.5,2.7,2.2,1.5
4200,1,2,POOR TO FAIR,1.16,1.2,1.35,1.49,0.16,0.2,0.35,0.49,14.9,14.9,12.3,11.2,11.2,14.9,14.9,13.5,215,215,277,273,184,285,216,285,0.6,0.6,1.2,1.2,0.4,0.5,0.5,0.8
4203,1,2,POOR TO FAIR,1.76,1.78,1.66,1.6,0.76,0.78,0.66,0.6,14.9,14.9,11.2,11.2,11.2,11.2,14.9,13.5,220.0,220.0,186.0,186.0,186.0,186.0,220.0,220.0,0.8,0.8,0.8,0.8,0.8,0.8,0.7,0.7
4209,,,POOR,1.16,1.18,1.11,1.1,0.16,0.18,0.11,0.1,14.9,14.9,11.2,11.2,11.2,11.2,14.9,13.5,220,220,186,186,186,186,220,220,0.8,0.8,0.8,0.8,0.8,0.8,0.7,0.7
4210,,,POOR,1.11,1.1,1.04,1.01,0.11,0.12,0.04,0.01,14.9,14.9,11.2,11.2,11.2,11.2,14.9,13.5,220.0,220.0,186.0,186.0,186.0,186.0,220.0,220.0,0.8,0.8,0.8,0.8,0.8,0.8,0.7,0.7
4211,1,2,POOR,1.22,1.2,1.15,1.16,0.22,0.23,0.15,0.16,14.9,14.9,14.9,11.2,10.2,10.2,12.3,13.5,214,215,215,274,194,195,275,215,0.8,0.8,0.7,0.9,0.6,0.6,0.7,0.6
4217,1,2,FLAT,1.07,1.1,1.12,1.16,0.07,0.1,0.12,0.16,11.2,11.2,11.2,11.2,8.4,14.9,12.3,11.2,186,186,186,185,165,214,276,274,1,1,1,1,0.4,0.4,0.7,0.8
4223,2,3,FAIR,1.4,1.59,1.84,2.1,0.4,0.59,0.84,1.1,11.2,11.2,11.2,11.2,8.4,14.9,12.3,11.2,186,186,186,185,165,214,276,274,1,1,1,1,0.4,0.4,0.7,0.8
4232,,,NONE,2.29,2.26,2.06,2.06,1.29,1.26,1.06,1.06,11.2,11.2,11.2,11.2,8.4,14.9,12.3,11.2,186,186,186,185,165,214,276,274,1,1,1,1,0.4,0.4,0.7,0.8
4233,1,3,POOR TO FAIR,1.31,1.35,1.37,1.51,0.31,0.35,0.37,0.51,11.2,11.2,11.2,11.2,14.9,14.9,14.9,11.2,186,186,186,186,212,212,212,276,0.9,1,1,1,0.8,0.7,0.6,0.7
4235,1,2,POOR TO FAIR,1.32,1.25,1.23,1.37,0.32,0.25,0.23,0.37,11.2,11.2,11.2,11.2,14.9,14.9,14.9,11.2,186,186,186,186,212,212,212,276,0.9,1,1,1,0.8,0.7,0.6,0.7
4237,1,2,POOR,1.39,1.33,1.3,1.43,0.39,0.33,0.3,0.43,11.2,11.2,11.2,11.2,14.9,14.9,14.9,11.2,186,186,186,186,212,212,212,276,0.9,1,1,1,0.8,0.7,0.6,0.7
4238,1,2,FAIR,1.56,1.51,1.47,1.58,0.56,0.51,0.47,0.58,10.2,10.2,11.2,11.2,14.9,14.9,13.5,13.5,189.0,189.0,188.0,188.0,218.0,218.0,219.0,219.0,0.9,0.9,0.9,0.9,0.9,0.8,0.7,0.7
4245,1,2,FAIR,1.26,1.22,1.2,1.4,0.26,0.22,0.2,0.4,10.2,10.2,10.2,10.2,14.9,14.9,13.5,13.5,191,190,189,189,218,218,218,220,0.9,0.8,0.8,0.8,0.8,0.7,0.6,0.6
4246,1,2,POOR TO FAIR,1.19,1.12,1.07,1.18,0.19,0.12,0.07,0.18,10.2,10.2,10.2,10.2,14.9,14.9,13.5,13.5,191,190,189,189,218,218,218,220,0.9,0.8,0.8,0.8,0.8,0.7,0.6,0.6
4248,1,2,POOR TO FAIR,1.33,1.25,1.18,1.34,0.33,0.25,0.18,0.34,10.2,10.2,10.2,10.2,14.9,14.9,13.5,13.5,191,190,189,189,218,218,218,220,0.9,0.8,0.8,0.8,0.8,0.7,0.6,0.6
4249,1,2 ,poor to fair,1.4,1.47,1.44,1.55,0.4,0.47,0.44,0.55,10.2,10.2,10.2,10.2,14.9,14.9,13.5,13.5,191,190,189,189,218,218,218,220,0.9,0.8,0.8,0.8,0.8,0.7,0.6,0.6
4250,1,2,POOR TO FAIR,1.28,1.23,1.2,1.38,0.28,0.23,0.2,0.38,10.2,10.2,10.2,10.2,14.9,14.9,13.5,13.5,191,190,189,189,218,218,218,220,0.9,0.8,0.8,0.8,0.8,0.7,0.6,0.6
4252,1,2,POOR TO FAIR,1.23,1.18,1.14,1.29,0.23,0.18,0.14,0.29,10.2,10.2,10.2,10.2,14.9,14.9,13.5,13.5,191,190,189,189,218,218,218,220,0.9,0.8,0.8,0.8,0.8,0.7,0.6,0.6
4253,1,2,FAIR,1.62,1.57,1.54,1.71,0.62,0.57,0.54,0.71,10.2,10.2,10.2,10.2,14.9,14.9,13.5,13.5,191,190,189,189,218,218,218,220,0.9,0.8,0.8,0.8,0.8,0.7,0.6,0.6
4254,,,POOR,1.51,1.47,1.42,1.58,0.51,0.47,0.42,0.58,10.2,10.2,10.2,10.2,14.9,14.9,13.5,13.5,191,190,189,189,218,218,218,220,0.9,0.8,0.8,0.8,0.8,0.7,0.6,0.6
4255,1,2,FAIR,1.3,1.28,1.23,1.32,0.3,0.28,0.23,0.32,10.2,10.2,10.2,10.2,14.9,14.9,13.5,13.5,191,190,189,189,218,218,218,220,0.9,0.8,0.8,0.8,0.8,0.7,0.6,0.6
4256,1,2,FAIR,1.71,1.65,1.58,1.64,0.71,0.65,0.58,0.64,10.2,10.2,10.2,10.2,14.9,14.9,13.5,13.5,191,190,189,189,218,218,218,220,0.9,0.8,0.8,0.8,0.8,0.7,0.6,0.6
4269,1,2,POOR,1.49,1.93,3.1,6.02,0.49,0.93,2.1,5.18,4.7,4.7,5.2,6.9,10.2,2.7,3.9,0,157,166,176,190,123,120,175,0,1.6,1.9,3.1,8.9,0.7,1,1.5,0
4270,1,2,POOR,1.48,1.84,2.75,4.47,0.48,0.84,1.75,3.6,4.7,4.7,5.2,6.9,10.2,2.7,3.9,0,157,166,176,190,123,120,175,0,1.6,1.9,3.1,8.9,0.7,1,1.5,0
4278,1,2,POOR,1.66,1.97,3.01,4.66,0.66,0.97,2.01,3.83,4.7,4.7,5.2,6.9,10.2,10.2,10.2,0,158,167,178,179,122,122,121,0,1.8,2,3.8,7.6,0.7,0.8,0.7,0
4279,1,2,POOR,1.72,2.05,3.21,4.13,0.72,1.05,2.21,3.31,4.7,4.7,5.2,6.9,10.2,10.2,10.2,0,158,167,178,179,122,122,121,0,1.8,2,3.8,7.6,0.7,0.8,0.7,0
4280,1,2,POOR,1.84,2.06,3.64,5.56,0.84,1.06,2.64,4.74,4.7,4.7,5.2,6.9,10.2,10.2,10.2,0,158,167,178,179,122,122,121,0,1.8,2,3.8,7.6,0.7,0.8,0.7,0
4281,1,2,POOR,1.74,1.94,4.22,5.54,0.74,0.94,3.22,4.7,4.7,4.7,5.2,6.9,10.2,10.2,10.2,0,158,167,178,179,122,122,121,0,1.8,2,3.8,7.6,0.7,0.8,0.7,0
42910,3,4,fair to good,5.01,4.16,3.62,3.28,3.65,3.23,2.85,2.3,11.2,5.2,10.2,10.2,4.3,11.2,5.7,5.7,299,33,304,305,32,301,32,351,3.7,3.6,3.1,2.8,2.7,3.4,2.9,2.3
42955,3,4,fair to good,4.75,4.27,4.11,3.84,4.24,3.29,3.2,2.91,11.2,11.2,11.2,11.2,5.2,11.2,11.2,6.3,292,302,303,305,120,270,270,347,4.2,3.5,3.2,2.9,0.4,2,1.7,1.8
42956,,,flat,4.59,4.09,3.97,3.72,4.1,3.17,3.02,2.6,11.2,11.2,11.2,11.2,2.4,3.6,11.2,11.2,289.0,291.0,301.0,310.0,336.0,333.0,270.0,277.0,4.1,3.9,3.1,2.3,0.8,1.9,1.9,2.3
42960,3,4,fair to good,4.79,4.46,3.72,3.22,3.6,3.34,2.92,2.25,11.2,11.2,11.2,10.2,11.2,4.7,5.7,5.7,300,302,304,306,270,28,351,350,3.6,3.3,3,2.7,2.3,2.1,2.5,2.5
42964,4,5,,5.72,4.75,4.18,3.83,4.01,3.46,3.18,2.9,11.2,10.2,10.2,10.2,11.2,11.2,10.2,10.2,300,302,303,303,265,265,266,268,3.9,3.7,3.3,2.9,3.3,2.9,2.6,2.3
43011,2,3,,1.96,2.26,3.02,3.08,0.96,1.32,2.12,2.15,16.3,14.9,14.9,14.9,12.3,12.3,12.3,12.3,150,150,150,150,210,210,209,209,1.3,1.7,1.8,1.9,1,1.2,1.1,1
43103,1,2,POOR TO FAIR,1.41,1.46,1.44,1.56,0.41,0.46,0.44,0.56,11.2,11.2,11.2,11.2,8.4,14.9,12.3,11.2,186,186,186,185,165,214,276,274,1,1,1,1,0.4,0.4,0.7,0.8
4406,1,2,POOR,1.66,1.75,3.25,3.86,0.68,0.75,2.27,3.02,4.7,4.7,5.2,6.9,10.2,10.2,10.2,0,152,157,174,167,120,120,120,0,1.6,1.6,4.4,5.7,0.6,0.6,0.6,0
4407,1,2,POOR TO FAIR,1.37,1.39,1.49,1.57,0.4,0.39,0.49,0.7,4.3,5.2,5.7,6.3,2.7,10.2,10.2,10.2,154,176,186,185,178,118,119,127,1.9,3.1,5.8,7.8,0.9,0.8,0.7,0.4
4408,1,2,POOR TO FAIR,2.02,1.65,1.34,1.45,1.08,0.65,0.34,0.57,4.7,5.7,5.7,6.3,8.4,3.6,10.2,10.2,170,184,194,195,111,226,117,124,3.7,3.9,5.1,7.9,0.7,1.6,0.8,0.6
4410,2,3,POOR TO FAIR,2.28,1.73,1.64,1.83,1.36,0.73,0.64,0.88,5.2,5.7,5.7,6.3,8.4,8.4,8.4,10.2,177,190,192,192,113,111,111,118,4.5,4.2,5,6.9,0.8,0.7,0.6,0.5
4418,1,2,POOR TO FAIR,2.36,2.14,1.95,1.72,1.39,1.17,0.95,0.72,6.9,6.3,6.3,6.3,9.3,9.3,9.3,9.3,48,52,56,61,106,106,106,106,2.8,2.4,1.9,1.4,1.3,1.3,1.3,1.3
4420,1,2,POOR TO FAIR,2.59,2.34,2.11,1.78,1.63,1.38,1.11,0.78,6.9,6.3,6.3,6.3,9.3,9.3,9.3,9.3,48,52,56,61,106,106,106,106,2.8,2.4,1.9,1.4,1.3,1.3,1.3,1.3
4421,1,2,VERY POOR,1.34,1.39,1.41,1.38,0.34,0.39,0.41,0.38,6.9,6.9,6.3,6.3,8.4,8.4,8.4,8.4,36,41,45,48,103,103,103,104,2.8,2.5,2.1,1.7,1.4,1.4,1.4,1.4
4422,1,2,POOR,2.25,2.19,2.02,1.82,1.27,1.22,1.05,0.82,6.9,6.9,6.3,6.3,8.4,8.4,8.4,8.4,36.0,41.0,45.0,48.0,103.0,103.0,103.0,104.0,2.8,2.5,2.1,1.7,1.4,1.4,1.4,1.4
4428,,,flat,2.22,2.38,2.23,1.99,1.24,1.47,1.25,0.99,6.9,6.9,6.9,6.3,6.3,3.2,4.7,3.9,25,29,34,37,360,48,360,360,2.4,2.5,2.3,2,0.7,0.9,0.3,0.2
4432,,,FLAT,1.21,1.66,1.65,1.53,0.21,0.76,0.72,0.58,6.9,6.9,6.9,6.3,6.3,3.2,5.7,4.3,23,27,31,34,360,41,360,360,2.2,2.4,2.2,1.9,0.7,0.9,0.5,0.4
4434,1,2,VERY POOR,1.49,1.75,2.13,2.05,0.49,0.75,1.13,1.05,3.9,3.9,4.3,4.7,2.4,2.4,0,0,148,178,197,204,151,188,0,0,2.4,2.3,2.5,2.4,0.5,0.5,0,0
4526,9,11,,10.95,10.72,11.15,10.24,9.08,9.09,7.81,9.24,6.9,7.6,7.6,7.6,12.3,12.3,12.3,11.2,208.0,207.0,201.0,213.0,223.0,221.0,227.0,218.0,9.1,9.1,7.8,10,6.7,6.2,7.1,5.2
46107,1,3 ,fair to good,2.02,1.85,1.85,1.81,1.02,0.85,0.85,0.81,7.6,7.6,6.9,6.9,3.6,6.9,6.9,2.9,82,75,77,79,49,141,139,41,3.2,3.5,3.6,3.6,1.7,1,0.9,0.9
46177,1,2,,2.73,3.15,2.79,3.32,1.84,2.2,1.79,2.32,4.3,4.7,4.7,4.3,3.9,4.3,4.3,5.2,44,41,49,167,350,347,353,57,3.1,2.5,2.5,2.5,1.7,1.9,0.8,2
46363,2,3,,4.35,3.22,4.14,4.01,3.39,2.25,3.14,3.01,4.7,5.7,6.9,6.9,7.6,7.6,5.7,5.7,67,91,40,39,36,37,98,100,2.7,3,2.8,2.5,2.3,2.7,2.5,2.3
46364,2,3,,3.68,3.52,3.12,4.03,2.71,2.55,2.12,3.03,5.2,5.2,5.7,5.7,7.6,7.6,6.9,6.9,84,86,96,100,38,37,37,41,3.8,3.6,3.1,2.7,2.1,2.2,2.3,2.4
46365,3,4,,3.94,4.2,4.18,4.03,2.96,3.22,3.19,3.04,5.2,5.7,5.7,6.3,12.3,12.3,12.3,11.2,104.0,105.0,105.0,107.0,332.0,332.0,332.0,332.0,4,4.3,4.2,4.1,2.1,2.1,2,1.9
46366,4,5,,5.95,5.83,5.64,5.31,4.97,4.86,4.64,4.31,7.6,7.6,7.6,7.6,7.6,13.5,12.3,12.3,116,113,112,111,24,331,331,332,6.1,6.1,5.6,5.3,1.8,1.8,1.7,1.7
46367,5,6,,5.94,5.78,5.61,5.66,4.96,4.79,4.61,4.67,7.6,7.6,7.6,7.6,7.6,13.5,13.5,12.3,112.0,109.0,108.0,110.0,20.0,331.0,331.0,331.0,6,5.8,5.6,5.7,1.8,1.7,1.7,1.6
46368,5,6,,6,5.94,6.02,6.18,5.01,4.95,5.03,5.2,7.6,7.6,7.6,7.6,8.4,7.6,7.6,7.6,108,105,106,106,19,20,20,21,6.1,6,6.1,6.3,1.6,1.6,1.5,1.4
46369,1,2,poor,5.91,5.48,4.9,6.09,4.96,4.5,3.9,5.09,6.3,6.9,6.9,6.9,4.3,4.3,10.2,10.2,61.0,65.0,67.0,63.0,357.0,356.0,197.0,196.0,6.2,5.6,4.9,6.1,1.2,1,0.7,0.6
46370,1,2,poor,3.23,3.45,3.57,3.57,2.24,2.45,2.57,2.57,7.6,7.6,6.9,6.9,3.6,6.9,6.9,2.9,82,75,77,79,49,141,139,41,3.2,3.5,3.6,3.6,1.7,1,0.9,0.9
46371,3,4,,3.84,3.54,3.6,3.63,2.87,2.54,2.6,2.63,7.6,7.6,7.6,7.6,6.9,6.9,6.9,3.2,77,78,73,75,138,136,135,30,4,3.5,3.6,3.6,1.5,1.3,1.1,1.3
46372,3,4,,4.41,4.39,3.8,3.85,3.45,3.42,2.8,2.85,7.6,7.6,7.6,7.6,6.3,6.3,3.9,4.3,64,62,67,68,124,122,30,29,4.6,4.5,3.8,3.8,1.8,1.6,1.7,1.8
46373,2,3,,4.07,3.3,3.19,3.42,3.1,2.31,2.19,2.43,6.9,6.9,6.9,7.6,6.3,6.9,6.9,6.9,58,55,60,65,106,105,98,97,2.6,3.3,3.2,3.5,2.4,2.2,2.2,1.7
4738,1,2,POOR TO FAIR,1.56,1.47,1.43,1.56,0.56,0.47,0.43,0.56,11.2,11.2,11.2,11.2,14.9,14.9,14.9,11.2,186,186,186,186,212,212,212,276,0.9,1,1,1,0.8,0.7,0.6,0.7
4740,1,2,POOR TO FAIR,1.57,1.51,1.49,1.66,0.57,0.51,0.49,0.66,11.2,11.2,11.2,11.2,14.9,14.9,14.9,11.2,186,186,186,186,212,212,212,276,0.9,1,1,1,0.8,0.7,0.6,0.7
4746,,,,7.48,8.18,11.55,14.53,6.26,6.84,10.42,13.1,9.3,12.3,13.5,13.5,13.5,9.3,4.7,4.7,352,327,337,337,320,352,59,64,3.6,4,7.3,9,3.1,3.1,2.7,2.2
4748,,,,6.99,7.4,9.88,12.46,5.84,6.19,8.26,10.63,9.3,12.3,13.5,13.5,13.5,9.3,4.7,4.7,352,327,337,337,320,352,59,64,3.6,4,7.3,9,3.1,3.1,2.7,2.2
4749,,,,7.89,8.21,10.99,14.64,6.6,6.87,9.2,12.25,9.3,12.3,13.5,13.5,13.5,9.3,4.7,4.7,352,327,337,337,320,352,59,64,3.6,4,7.3,9,3.1,3.1,2.7,2.2
4750,,,,7.83,8.29,11.3,13.97,6.55,6.93,10.16,12.58,9.3,12.3,13.5,13.5,13.5,9.3,4.7,4.7,352,327,337,337,320,352,59,64,3.6,4,7.3,9,3.1,3.1,2.7,2.2
4751,,,,6.59,7.46,11.02,13.81,5.52,6.24,9.44,11.84,9.3,12.3,13.5,13.5,13.5,9.3,4.7,4.7,352,327,337,337,320,352,59,64,3.6,4,7.3,9,3.1,3.1,2.7,2.2
4752,,,,4.97,5.47,7.6,9.64,4.16,4.47,6.36,8.2,9.3,12.3,13.5,13.5,13.5,9.3,4.7,4.7,352,327,337,337,320,352,59,64,3.6,4,7.3,9,3.1,3.1,2.7,2.2
4753,,,,6.71,6.16,8.06,9.73,5.61,5.15,6.74,8.14,9.3,12.3,13.5,13.5,13.5,9.3,4.7,4.7,352,327,337,337,320,352,59,64,3.6,4,7.3,9,3.1,3.1,2.7,2.2
4754,,,,5.67,6.05,9.46,11.8,4.75,5.17,8.09,10.1,9.3,12.3,13.5,13.5,13.5,9.3,4.7,4.7,352,327,337,337,320,352,59,64,3.6,4,7.3,9,3.1,3.1,2.7,2.2
4755,,,,6.19,6.84,10.39,13.06,5.18,5.73,8.93,11.21,9.3,12.3,13.5,13.5,13.5,9.3,4.7,4.7,352,327,337,337,320,352,59,64,3.6,4,7.3,9,3.1,3.1,2.7,2.2
4756,,,,6.29,7,10.42,13.68,5.27,5.85,9.38,11.45,9.3,12.3,13.5,13.5,13.5,9.3,4.7,4.7,352,327,337,337,320,352,59,64,3.6,4,7.3,9,3.1,3.1,2.7,2.2
4757,,,,6.05,6.7,10.01,12.49,5.07,5.61,8.59,10.45,9.3,12.3,13.5,13.5,13.5,9.3,4.7,4.7,352,327,337,337,320,352,59,64,3.6,4,7.3,9,3.1,3.1,2.7,2.2
4759,,,,6.28,6.04,8.18,9.8,5.26,5.05,6.84,8.2,9.3,12.3,13.5,13.5,13.5,9.3,4.7,4.7,352,327,337,337,320,352,59,64,3.6,4,7.3,9,3.1,3.1,2.7,2.2
4760,,,,1.34,1.38,1.4,1.38,0.34,0.38,0.4,0.38,12.3,4.7,4.7,4.7,7.6,7.6,7.6,7.6,198,81,81,82,84,85,86,85,1,1,1.2,1.1,1,1,1,1
4761,,,,1.15,1.13,1.11,1.08,0.15,0.13,0.11,0.08,12.3,4.7,4.7,4.7,7.6,7.6,7.6,7.6,198,81,81,82,84,85,86,85,1,1,1.2,1.1,1,1,1,1
4762,,,,1.06,1.06,1.06,1.05,0.06,0.06,0.06,0.05,5.2,5.7,5.7,12.3,11.2,11.2,11.2,5.7,17,16,16,327,197,197,197,16,1.5,1.5,1.3,1.1,1.2,1.1,1.1,1.1
4763,,,,0.13,0.13,0.13,0.15,0,0,0,0,5.2,5.7,5.7,12.3,11.2,11.2,11.2,5.7,17.0,16.0,16.0,327.0,197.0,197.0,197.0,16.0,1.5,1.5,1.3,1.1,1.2,1.1,1.1,1.1
47655,1,2,,9.8,8.8,7.22,7.23,7.87,6.86,6.18,6.23,12.3,12.3,5.7,7.6,4.3,5.2,11.2,11.2,217,219,239,234,255,245,223,226,7.9,6.9,6.2,6.6,2.9,4.7,5.6,4.6
4773,1,2,FAIR,1.33,1.23,1.15,1.27,0.33,0.23,0.15,0.27,10.2,10.2,11.2,11.2,14.9,14.9,13.5,13.5,189.0,189.0,188.0,188.0,218.0,218.0,219.0,219.0,0.9,0.9,0.9,0.9,0.9,0.8,0.7,0.7
4783,1,2,POOR TO FAIR,1.28,1.23,1.12,1.24,0.3,0.23,0.12,0.24,10.2,10.2,11.2,11.2,14.9,14.9,13.5,13.5,189,189,188,188,218,218,219,219,0.9,0.9,0.9,0.9,0.9,0.8,0.7,0.7
4786,1,2,FAIR,1.26,1.16,1.06,1.22,0.28,0.16,0.06,0.22,10.2,10.2,11.2,11.2,14.9,14.9,13.5,13.5,189,189,188,188,218,218,219,219,0.9,0.9,0.9,0.9,0.9,0.8,0.7,0.7
4789,,,POOR,1.25,1.15,1.06,1.18,0.26,0.15,0.06,0.18,10.2,10.2,11.2,11.2,14.9,14.9,13.5,13.5,189,189,188,188,218,218,219,219,0.9,0.9,0.9,0.9,0.9,0.8,0.7,0.7
4804,1,2,POOR TO FAIR,1.31,1.22,1.14,1.25,0.31,0.22,0.14,0.25,10.2,10.2,10.2,10.2,14.9,14.9,13.5,13.5,191,190,189,189,218,218,218,220,0.9,0.8,0.8,0.8,0.8,0.7,0.6,0.6
4812,1,2,POOR,0.66,0.63,0.61,0.67,0,0,0,0,10.2,10.2,10.2,10.2,14.9,14.9,13.5,13.5,191,190,189,189,218,218,218,220,0.9,0.8,0.8,0.8,0.8,0.7,0.6,0.6
4843,1,2,POOR,1.52,1.49,1.49,1.63,0.52,0.49,0.49,0.63,11.2,11.2,11.2,11.2,14.9,14.9,14.9,11.2,186,186,186,186,212,212,212,276,0.9,1,1,1,0.8,0.7,0.6,0.7
4848,1,2,FLAT,1.39,1.41,1.46,1.58,0.39,0.41,0.46,0.58,11.2,11.2,11.2,11.2,14.9,14.9,14.9,11.2,186,186,186,186,212,212,212,276,0.9,1,1,1,0.8,0.7,0.6,0.7
48605,2,3,,5.41,5.31,5.09,4.95,4.43,4.33,4.09,3.95,7.6,7.6,7.6,7.6,13.5,13.5,12.3,12.3,121,121,121,121,330,330,329,328,5.5,5.5,5.1,5,2.2,2.2,2.1,2
4868,1,2,POOR TO FAIR,1.13,1.2,1.36,1.54,0.13,0.2,0.36,0.54,11.2,11.2,11.2,11.2,8.4,14.9,12.3,11.2,186,186,186,185,165,214,276,274,1,1,1,1,0.4,0.4,0.7,0.8
4870,1,2,POOR TO FAIR,1.35,1.45,1.53,1.63,0.35,0.45,0.53,0.63,11.2,11.2,11.2,11.2,8.4,14.9,12.3,11.2,186,186,186,185,165,214,276,274,1,1,1,1,0.4,0.4,0.7,0.8
4874,2,3,FAIR,1.15,1.3,1.49,1.58,0.15,0.3,0.49,0.58,11.2,11.2,11.2,11.2,8.4,14.9,12.3,11.2,186,186,186,185,165,214,276,274,1,1,1,1,0.4,0.4,0.7,0.8
4883,,,FLAT,1.11,1.1,1.03,0.99,0.11,0.12,0.03,0,14.9,14.9,11.2,11.2,11.2,11.2,14.9,13.5,220,220,186,186,186,186,220,220,0.8,0.8,0.8,0.8,0.8,0.8,0.7,0.7
4900,1,2,POOR TO FAIR,1.07,1.22,1.43,1.62,0.07,0.22,0.48,0.67,14.9,14.9,14.9,11.2,10.2,10.2,12.3,13.5,214.0,215.0,215.0,274.0,194.0,195.0,275.0,215.0,0.8,0.8,0.7,0.9,0.6,0.6,0.7,0.6
4901,1,2,POOR,1.42,1.41,1.43,1.52,0.43,0.43,0.43,0.55,14.9,14.9,14.9,11.2,10.2,10.2,12.3,13.5,214,215,215,274,194,195,275,215,0.8,0.8,0.7,0.9,0.6,0.6,0.7,0.6
49018,4,5,,5.35,5.17,4.91,4.34,4.35,4.18,3.47,3.28,11.2,11.2,11.2,10.2,0.0,0.0,11.2,11.2,281.0,283.0,295.0,296.0,0.0,0.0,267.0,267.0,4.8,4.7,3.5,3.3,0,0,2.7,2.5
4910,1,2,POOR,0.81,0.83,0.94,1.13,0,0,0,0.19,14.9,14.9,14.9,11.2,10.2,10.2,12.3,13.5,214.0,215.0,215.0,274.0,194.0,195.0,275.0,215.0,0.8,0.8,0.7,0.9,0.6,0.6,0.7,0.6
4940,,,FLAT,1.4,1.39,1.3,1.24,0.41,0.4,0.3,0.24,14.9,14.9,11.2,11.2,11.2,11.2,14.9,13.5,220,220,186,186,186,186,220,220,0.8,0.8,0.8,0.8,0.8,0.8,0.7,0.7
49443,5,6,,5.54,5.13,4.63,3.79,4.96,4.16,4.14,2.79,11.2,11.2,11.2,10.2,2.9,0,0,0,274,274,273,273,307,0,0,0,5.1,4.7,4.2,3.7,0.2,0,0,0
4949,1,2,POOR,1.45,1.5,1.44,1.46,0.45,0.5,0.44,0.46,14.9,14.9,11.2,11.2,11.2,11.2,14.9,13.5,220,220,186,186,186,186,220,220,0.8,0.8,0.8,0.8,0.8,0.8,0.7,0.7
49940,,,,6.61,6.08,7.09,8.09,5.53,5.09,5.93,6.77,9.3,12.3,13.5,13.5,13.5,9.3,4.7,4.7,352,327,337,337,320,352,59,64,3.6,4,7.3,9,3.1,3.1,2.7,2.2
5013,2,3,FAIR,3.65,3.51,3.1,2.68,3.06,2.94,2.1,1.68,13.5,13.5,13.5,14.9,9.3,8.4,7.6,10.2,302,297,301,298,315,317,320,263,3.2,3.3,2.7,2.5,2.9,2.3,1.7,1.7
5065,2,3,FAIR,2.18,2.11,2.03,2.01,1.18,1.13,1.03,1.02,10.2,9.3,13.5,13.5,14.9,13.5,9.3,8.4,312,313,302,302,306,304,314,319,3.3,2.7,2.6,2.5,2.5,2.7,2.2,1.5
50767,3,5 ,fair to good,4.84,4.36,3.66,3.21,3.87,3.38,2.67,2.21,10.2,10.2,9.3,9.3,0,0,2.4,3.6,267,266,265,264,0,0,268,267,5,4.4,3.8,3.2,0,0,0.7,1.7
50861,1,3 ,poor to fair,4.45,3.98,3.37,3.14,4.21,3.01,2.37,2.14,10.2,10.2,9.3,9.3,0,0,2.4,3.6,267,266,265,264,0,0,268,267,5,4.4,3.8,3.2,0,0,0.7,1.7
5115,,,NONE,2.9,3.08,3.77,3.74,1.97,2.08,2.77,2.74,4.3,5.2,6.3,6.3,2.7,4.7,3.9,12.3,122,177,183,199,105,79,129,135,2.8,2.9,3.6,7.2,0.7,1.6,2.4,0.5
5129,2,3,FAIR,3.09,3.29,3.57,2.97,2.09,2.29,2.72,2.17,4.3,4.7,5.7,5.7,10.2,11.2,9.3,11.2,126,117,111,117,128,135,120,135,3.4,3.5,4.7,4.4,0.4,0.4,0.4,0.4
5131,2,3,POOR TO FAIR,3.3,3.28,3.49,2.78,2.3,2.28,2.7,1.97,4.3,4.7,5.7,5.7,10.2,11.2,9.3,11.2,126,117,111,117,128,135,120,135,3.4,3.5,4.7,4.4,0.4,0.4,0.4,0.4
5132,1,2,POOR,1.64,2.1,3.26,5.55,0.64,1.1,2.26,4.76,4.7,4.7,5.2,6.9,10.2,2.7,3.9,0,157,166,176,190,123,120,175,0,1.6,1.9,3.1,8.9,0.7,1,1.5,0
5148,1,2,POOR,2.17,2.43,4.07,6.76,1.17,1.43,3.07,5.85,4.7,5.2,5.7,6.9,10.2,10.2,9.3,0,173,177,179,186,124,124,124,0,2.1,2.2,3.8,8.4,0.6,0.6,0.7,0
5157,1,2,POOR,1.58,1.91,2.97,4.76,0.58,0.91,1.97,3.92,4.7,4.7,5.2,6.9,10.2,10.2,10.2,0,158,167,178,179,122,122,121,0,1.8,2,3.8,7.6,0.7,0.8,0.7,0
5176,1,2,POOR,1.55,1.79,3.43,4.88,0.6,0.79,2.43,4.05,4.7,4.7,5.2,6.9,10.2,10.2,10.2,0,158,167,178,179,122,122,121,0,1.8,2,3.8,7.6,0.7,0.8,0.7,0
5208,1,2,POOR TO FAIR,1.45,1.46,1.51,1.58,0.48,0.46,0.51,0.69,4.3,5.2,5.7,6.3,2.7,10.2,10.2,10.2,154.0,176.0,186.0,185.0,178.0,118.0,119.0,127.0,1.9,3.1,5.8,7.8,0.9,0.8,0.7,0.4
5211,1,2,POOR,1.21,1.29,1.58,1.5,0.27,0.29,0.58,0.63,4.3,5.2,5.7,6.3,2.7,10.2,10.2,10.2,154,176,186,185,178,118,119,127,1.9,3.1,5.8,7.8,0.9,0.8,0.7,0.4
5229,2,3,POOR,3.97,3.29,4.22,5.14,3.06,2.29,3.22,4.23,5.2,5.7,5.7,6.3,8.4,8.4,8.4,10.2,177.0,190.0,192.0,192.0,113.0,111.0,111.0,118.0,4.5,4.2,5,6.9,0.8,0.7,0.6,0.5
5230,2,3,POOR TO FAIR,3.29,3.5,3.08,4,2.37,2.5,2.08,3.1,5.2,5.7,5.7,6.3,8.4,8.4,8.4,10.2,177,190,192,192,113,111,111,118,4.5,4.2,5,6.9,0.8,0.7,0.6,0.5
5231,2,3,POOR TO FAIR,2.69,2.27,2.53,2.93,1.8,1.27,1.53,2.01,5.2,5.7,5.7,6.3,8.4,8.4,8.4,10.2,177,190,192,192,113,111,111,118,4.5,4.2,5,6.9,0.8,0.7,0.6,0.5
5236,1,2,POOR TO FAIR,1.75,1.43,1.13,1.37,0.83,0.43,0.13,0.53,4.7,5.7,5.7,6.3,8.4,3.6,10.2,10.2,170,184,194,195,111,226,117,124,3.7,3.9,5.1,7.9,0.7,1.6,0.8,0.6
5237,1,2,POOR TO FAIR,2.02,1.65,1.34,1.45,1.08,0.65,0.34,0.57,4.7,5.7,5.7,6.3,8.4,3.6,10.2,10.2,170,184,194,195,111,226,117,124,3.7,3.9,5.1,7.9,0.7,1.6,0.8,0.6
5238,1,2,POOR,1.61,1.48,1.41,1.29,0.67,0.48,0.41,0.42,4.7,5.7,5.7,6.3,8.4,3.6,10.2,10.2,170,184,194,195,111,226,117,124,3.7,3.9,5.1,7.9,0.7,1.6,0.8,0.6
52381,11,12,,9.84,12.41,16.38,17.87,8.84,11.41,15.41,15.99,8.4,9.3,10.2,11.2,0.0,0.0,0.0,12.3,248.0,248.0,257.0,264.0,0.0,0.0,0.0,15.0,9.8,12.4,16.7,17,0,0,0,0.4
52381,11,12,,9.84,12.41,16.38,17.87,8.84,11.41,15.41,15.99,8.4,9.3,10.2,11.2,0,0,0,12.3,248,248,257,264,0,0,0,15,9.8,12.4,16.7,17,0,0,0,0.4
5239,1,2,POOR TO FAIR,1.59,1.44,1.35,1.27,0.64,0.44,0.35,0.37,4.7,5.7,5.7,6.3,8.4,3.6,10.2,10.2,170,184,194,195,111,226,117,124,3.7,3.9,5.1,7.9,0.7,1.6,0.8,0.6
5240,1,2,POOR,1.27,1.09,0.98,0.98,0.34,0.09,0,0.08,4.7,5.7,5.7,6.3,8.4,3.6,10.2,10.2,170,184,194,195,111,226,117,124,3.7,3.9,5.1,7.9,0.7,1.6,0.8,0.6
5247,2,3,POOR TO FAIR,2.3,1.82,1.77,2.05,1.34,0.82,0.77,1.06,4.7,4.7,4.3,5.2,9.3,3.6,8.4,9.3,160,149,196,210,109,211,111,112,3.2,2,3.3,5.7,0.8,1.5,0.9,0.8
5293,1,2,POOR,1.31,1.24,2.02,2.21,0.31,0.24,1.06,1.21,5.7,5.7,3.2,4.3,9.3,9.3,5.7,9.3,85,92,213,214,109,110,94,107,2.1,1.7,2.8,3.5,0.9,0.9,1.2,1.1
5315,1,2,POOR TO FAIR,2.17,1.99,1.73,1.49,1.2,1.01,0.73,0.49,6.9,6.3,6.3,6.3,9.3,9.3,9.3,9.3,48.0,52.0,56.0,61.0,106.0,106.0,106.0,106.0,2.8,2.4,1.9,1.4,1.3,1.3,1.3,1.3
5318,1,2,POOR TO FAIR,2.52,2.19,1.88,1.59,1.56,1.22,0.88,0.59,6.9,6.3,6.3,6.3,9.3,9.3,9.3,9.3,48.0,52.0,56.0,61.0,106.0,106.0,106.0,106.0,2.8,2.4,1.9,1.4,1.3,1.3,1.3,1.3
5326,1,2,POOR TO FAIR,2.58,2.33,2.08,1.72,1.62,1.37,1.08,0.72,6.9,6.3,6.3,6.3,9.3,9.3,9.3,9.3,48,52,56,61,106,106,106,106,2.8,2.4,1.9,1.4,1.3,1.3,1.3,1.3
5329,1,2,POOR TO FAIR,2.67,2.44,2.21,1.89,1.7,1.47,1.21,0.89,6.9,6.3,6.3,6.3,9.3,9.3,9.3,9.3,48.0,52.0,56.0,61.0,106.0,106.0,106.0,106.0,2.8,2.4,1.9,1.4,1.3,1.3,1.3,1.3
5331,1,2,POOR TO FAIR,2.49,2.31,2.08,1.8,1.52,1.34,1.08,0.8,6.9,6.3,6.3,6.3,9.3,9.3,9.3,9.3,48,52,56,61,106,106,106,106,2.8,2.4,1.9,1.4,1.3,1.3,1.3,1.3
5333,1,2,POOR TO FAIR,2.41,2.23,2.01,1.69,1.46,1.27,1.01,0.69,6.9,6.3,6.3,6.3,9.3,9.3,9.3,9.3,48,52,56,61,106,106,106,106,2.8,2.4,1.9,1.4,1.3,1.3,1.3,1.3
5335,1,2,POOR TO FAIR,2.28,2.2,2.02,1.78,1.34,1.25,1.04,0.78,6.9,6.9,6.3,6.3,8.4,8.4,8.4,8.4,36.0,41.0,45.0,48.0,103.0,103.0,103.0,104.0,2.8,2.5,2.1,1.7,1.4,1.4,1.4,1.4
5336,1,2,POOR TO FAIR,2.54,2.39,2.21,1.91,1.58,1.44,1.22,0.91,6.9,6.9,6.3,6.3,8.4,8.4,8.4,8.4,36.0,41.0,45.0,48.0,103.0,103.0,103.0,104.0,2.8,2.5,2.1,1.7,1.4,1.4,1.4,1.4
53412,1,2,POOR,1.04,1.08,1.15,1.26,0.04,0.08,0.15,0.26,11.2,11.2,11.2,11.2,8.4,14.9,12.3,11.2,186,186,186,185,165,214,276,274,1,1,1,1,0.4,0.4,0.7,0.8
53412,1,2,POOR,1.04,1.08,1.15,1.26,0.04,0.08,0.15,0.26,11.2,11.2,11.2,11.2,8.4,14.9,12.3,11.2,186,186,186,185,165,214,276,274,1,1,1,1,0.4,0.4,0.7,0.8
5359,1,2,VERY POOR,1.95,1.91,1.82,1.73,0.98,0.95,0.84,0.73,6.9,6.9,6.3,6.3,8.4,8.4,8.4,8.4,36.0,41.0,45.0,48.0,103.0,103.0,103.0,104.0,2.8,2.5,2.1,1.7,1.4,1.4,1.4,1.4
5366,,,FLAT,0.62,1.06,1.02,0.96,0,0.07,0.14,0,6.9,6.9,6.9,6.3,6.3,3.2,5.7,4.3,23,27,31,34,360,41,360,360,2.2,2.4,2.2,1.9,0.7,0.9,0.5,0.4
5376,,,FLAT,0.94,1.31,1.25,1.21,0,0.41,0.33,0.24,6.9,6.9,6.9,6.3,6.3,3.2,4.7,3.9,25,29,34,37,360,48,360,360,2.4,2.5,2.3,2,0.7,0.9,0.3,0.2
5380,,,flat,2.1,2.29,2.15,1.97,1.11,1.39,1.18,0.97,6.9,6.9,6.9,6.3,6.3,3.2,4.7,3.9,25,29,34,37,360,48,360,360,2.4,2.5,2.3,2,0.7,0.9,0.3,0.2
54131,4,5 ,good,3.89,4.14,4.23,4.02,3.25,3.46,3.23,3.36,4.3,4.7,5.2,5.2,18.0,18.0,18.0,16.3,82.0,81.0,86.0,91.0,193.0,192.0,192.0,192.0,2.6,2.9,2.9,2.5,2.1,2.3,2.3,2.3
54131,4,5 ,good,3.89,4.14,4.23,4.02,3.25,3.46,3.23,3.36,4.3,4.7,5.2,5.2,18.0,18.0,18.0,16.3,82.0,81.0,86.0,91.0,193.0,192.0,192.0,192.0,2.6,2.9,2.9,2.5,2.1,2.3,2.3,2.3
54139,,,flat,0.43,0.4,1.68,1.81,0,0,0.93,0.92,4.3,2.4,4.3,4.3,3.9,4.3,0,2.4,355,214,252,258,15,360,0,242,0.4,0.3,2.3,2,0.2,0.2,0,0.5
54139,,,flat,0.43,0.4,1.68,1.81,0,0,0.93,0.92,4.3,2.4,4.3,4.3,3.9,4.3,0,2.4,355,214,252,258,15,360,0,242,0.4,0.3,2.3,2,0.2,0.2,0,0.5
54311,,,flat,0.42,1.16,1.96,2.25,0,0.16,1.08,1.38,4.3,2.9,4.3,4.7,4.3,0,0,0,357,169,246,249,20,0,0,0,0.3,1.2,2.2,2.6,0.2,0,0,0
54311,,,flat,0.42,1.16,1.96,2.25,0,0.16,1.08,1.38,4.3,2.9,4.3,4.7,4.3,0,0,0,357,169,246,249,20,0,0,0,0.3,1.2,2.2,2.6,0.2,0,0,0
5455,,,FLAT,0.2,0.08,0.05,0.1,0,0,0,0,4.7,4.7,4.3,4.7,0,0,0,0,276,270,160,160,0,0,0,0,0.3,0.1,0.3,0.8,0,0,0,0
5456,,,FLAT,0.21,0.09,0.05,0.1,0,0,0,0,4.7,4.7,4.3,4.7,0.0,0.0,0.0,0.0,276.0,270.0,160.0,160.0,0.0,0.0,0.0,0.0,0.3,0.1,0.3,0.8,0,0,0,0
5529,,,,1.31,1.31,1.31,1.31,0.31,0.33,0.34,0.32,12.3,4.7,4.7,4.7,7.6,7.6,7.6,7.6,198.0,81.0,81.0,82.0,84.0,85.0,86.0,85.0,1,1,1.2,1.1,1,1,1,1
5538,,,,1.25,1.19,1.16,1.14,0.25,0.19,0.16,0.14,12.3,4.7,4.7,4.7,7.6,7.6,7.6,7.6,198.0,81.0,81.0,82.0,84.0,85.0,86.0,85.0,1,1,1.2,1.1,1,1,1,1
5540,3,4 ,poor to fair,3.08,3.14,3.16,2.95,2.08,2.14,2.16,1.95,9.3,13.5,13.5,13.5,4.7,4.7,4.7,4.7,352,325,335,337,42,51,57,62,3.9,3.3,6.1,8.4,3,3.2,3.2,2.7
55526,0,1,,0.69,0.68,1.24,2.44,0,0,0.24,1.49,9.3,9.3,2.7,4.3,0.0,0.0,9.3,9.3,105.0,104.0,133.0,139.0,0.0,0.0,103.0,103.0,0.7,0.7,0.8,2.4,0,0,0.7,0.8
55526,0,1,,0.69,0.68,1.24,2.44,0,0,0.24,1.49,9.3,9.3,2.7,4.3,0,0,9.3,9.3,105,104,133,139,0,0,103,103,0.7,0.7,0.8,2.4,0,0,0.7,0.8
55527,2,3,,2.21,2.89,3.07,2.76,1.25,1.93,2.18,1.85,3.6,4.3,4.7,4.7,9.3,9.3,9.3,9.3,97.0,110.0,112.0,108.0,103.0,102.0,101.0,100.0,2.1,2.8,3.4,3,1,1.1,1.1,1.2
55527,2,3,,2.21,2.89,3.07,2.76,1.25,1.93,2.18,1.85,3.6,4.3,4.7,4.7,9.3,9.3,9.3,9.3,97.0,110.0,112.0,108.0,103.0,102.0,101.0,100.0,2.1,2.8,3.4,3,1,1.1,1.1,1.2
55536,,,,1.48,1.41,1.37,1.34,0.49,0.41,0.37,0.34,12.3,4.7,4.7,4.7,7.6,7.6,7.6,7.6,198,81,81,82,84,85,86,85,1,1,1.2,1.1,1,1,1,1
55536,,,,1.48,1.41,1.37,1.34,0.49,0.41,0.37,0.34,12.3,4.7,4.7,4.7,7.6,7.6,7.6,7.6,198,81,81,82,84,85,86,85,1,1,1.2,1.1,1,1,1,1
5554,,,NONE,1.55,1.71,1.8,2.01,0.59,0.78,0.8,1.06,5.2,5.7,5.7,5.7,8.4,8.4,9.3,9.3,67,68,73,76,85,90,343,340,4.5,5.2,5.1,5.1,1.7,1.1,0.9,1.7
5555,,,NONE,3.53,3.41,3.59,3.43,2.54,2.44,2.59,2.43,6.9,6.9,6.9,6.9,8.4,8.4,8.4,7.6,82,82,86,85,354,353,350,348,6,6.1,6.1,6,1.3,1.1,1,0.9
5565,4,6 ,fair to good,1.75,1.64,1.44,1.34,0.81,0.67,0.44,0.34,18.0,18.0,16.3,16.3,5.7,4.7,4.7,4.3,200.0,200.0,201.0,202.0,206.0,30.0,35.0,34.0,3.5,3.6,3.7,3.8,2.1,2.8,2.9,2.1
55881,2,3,,4.32,3.11,2.94,2.23,3.32,2.11,1.94,1.23,5.2,4.7,4.3,9.3,9.3,9.3,9.3,4.3,46.0,44.0,45.0,121.0,118.0,117.0,120.0,41.0,4.3,3.1,2.3,1.6,1.4,1.6,1.6,1.1
55882,5,6,,5.17,5.61,5.05,4.69,4.17,4.61,4.09,3.7,6.3,5.7,6.3,9.3,9.3,10.2,9.3,5.7,48.0,46.0,47.0,98.0,101.0,102.0,102.0,42.0,5,5.5,5,4.7,4.3,4.5,4.5,3.4
55883,7,8,,8.34,7.99,7.76,7.47,7.34,6.99,6.77,6.47,10.2,9.3,9.3,9.3,2.9,3.2,3.6,3.2,82.0,82.0,83.0,84.0,360.0,360.0,360.0,360.0,8.2,8,7.8,7.5,0.4,0.4,0.4,0.4
55887,7,8,,9.12,8.34,7.99,7.76,8.12,7.34,6.99,6.77,10.2,10.2,9.3,9.3,3.9,2.9,3.2,3.6,82,82,82,83,360,360,360,360,9,8.2,8,7.8,0.4,0.4,0.4,0.4
55889,9,10,,11.1,10.25,9.64,9.19,10.1,9.25,9.49,8.19,10.2,10.2,10.2,10.2,4.3,4.3,3.9,4.3,74.0,73.0,73.0,73.0,358.0,358.0,358.0,358.0,10.9,10.1,9.5,9,0.9,0.9,0.8,0.8
55890,9,10,,11.1,10.25,9.64,9.19,10.1,9.25,9.49,8.19,10.2,10.2,10.2,10.2,4.3,4.3,3.9,4.3,74,73,73,73,358,358,358,358,10.9,10.1,9.5,9,0.9,0.9,0.8,0.8
55894,0,1,,3.36,3.09,3.05,3.05,2.36,2.13,2.05,2.06,4.3,4.3,4.3,4.3,9.3,9.3,9.3,9.3,84,91,98,101,102,103,103,103,2.8,3.2,3.1,3.1,1.7,1.6,1.6,1.5
55895,4,5,,5,4.51,3.78,3.35,4.03,3.52,2.78,2.43,5.7,5.7,5.2,5.7,5.7,5.7,5.7,5.7,35.0,36.0,32.0,29.0,353.0,353.0,351.0,348.0,5.2,4.5,3.8,3.6,3,2.8,3,3.6
55896,7,8,,7.7,7.67,7.16,6.7,6.7,6.68,6.16,5.7,9.3,9.3,9.3,9.3,3.6,3.2,3.6,3.6,83.0,84.0,84.0,86.0,357.0,360.0,358.0,360.0,7.7,7.8,7.2,6.7,0.5,0.6,0.7,0.4
55897,0,1,,4.13,4.31,4.43,4.27,3.13,3.31,3.43,3.29,10.2,10.2,9.3,9.3,5.7,5.7,5.7,5.7,96,98,93,94,70,62,340,337,3.8,4.1,4.4,4.4,2.3,1.9,1.2,1.4
55898,1,2,,4.24,3.92,3.64,3.32,3.3,2.95,2.68,2.35,5.2,5.2,5.2,5.2,9.3,9.3,9.3,9.3,83,89,96,97,99,100,101,101,4.5,4,3.8,3.4,1.4,1.4,1.4,1.4
55899,9,10,,11.1,10.25,9.64,9.19,10.1,9.25,9.49,8.19,10.2,10.2,10.2,10.2,4.3,4.3,3.9,4.3,74.0,73.0,73.0,73.0,358.0,358.0,358.0,358.0,10.9,10.1,9.5,9,0.9,0.9,0.8,0.8
55900,,,,0.48,0.23,0,0,0,0,0,0,3.9,3.9,0.0,0.0,2.9,0.0,0.0,0.0,26.0,30.0,0.0,0.0,38.0,0.0,0.0,0.0,0.4,0.2,0,0,0.3,0,0,0
5604,1,2,VERY POOR,1.3,1.63,1.62,1.5,0.3,0.75,0.65,0.5,6.9,6.9,6.9,6.3,6.3,3.2,4.7,3.9,25,29,34,37,360,48,360,360,2.4,2.5,2.3,2,0.7,0.9,0.3,0.2
5611,1,2,POOR,2.28,2.44,2.24,2.04,1.3,1.51,1.29,1.04,6.9,6.9,6.9,6.3,6.3,3.2,4.7,3.9,25,29,34,37,360,48,360,360,2.4,2.5,2.3,2,0.7,0.9,0.3,0.2
58433,1,2,POOR TO FAIR,2.5,2.31,2.07,1.76,1.55,1.34,1.07,0.76,6.9,6.3,6.3,6.3,9.3,9.3,9.3,9.3,48,52,56,61,106,106,106,106,2.8,2.4,1.9,1.4,1.3,1.3,1.3,1.3
58441,0,1,,3.44,3.59,3.55,3.66,2.44,2.6,2.55,2.66,8.4,4.7,5.2,8.4,3.9,8.4,8.4,7.6,92,95,102,99,89,91,91,346,2.3,2.6,2.7,2.9,2.1,2,1.9,1.6
58445,4,5,,3.79,4.39,5.44,5.51,2.79,3.39,4.46,4.51,8.4,5.7,6.3,6.9,4.7,7.6,10.2,9.3,89,78,85,85,66,104,347,341,3.8,4.4,5.5,5.5,2,2.2,0.8,1.7
58446,4,5,,3.79,4.39,5.44,5.51,2.79,3.39,4.46,4.51,8.4,5.7,6.3,6.9,4.7,7.6,10.2,9.3,89,78,85,85,66,104,347,341,3.8,4.4,5.5,5.5,2,2.2,0.8,1.7
58447,4,5,,4.29,5.25,5.69,5.83,3.29,4.25,4.7,4.85,6.3,5.7,6.3,6.3,8.4,6.9,11.2,9.3,83,83,83,83,84,328,351,345,4.3,5.2,5.7,5.9,1.8,0.5,0.5,1.1
5855,0,1,,0.14,1.55,2.1,2.35,0,0.77,1.17,1.35,11.2,3.6,3.9,3.6,8.4,7.6,10.2,10.2,360,285,280,276,360,360,360,360,0.1,2,2.3,2.3,0.1,0.1,0.1,0.1
59599,,,,7.36,7.22,9.57,11.67,6.15,6.04,8.18,10.36,9.3,12.3,13.5,13.5,13.5,9.3,4.7,4.7,352,327,337,337,320,352,59,64,3.6,4,7.3,9,3.1,3.1,2.7,2.2
59608,4,7 ,very good,3.18,3.77,4.17,4.3,2.18,3.15,3.49,3.3,10.2,10.2,18.0,18.0,19.8,19.8,10.2,10.2,203.0,202.0,186.0,188.0,183.0,185.0,201.0,201.0,1.6,1.7,2.1,2.3,1.2,1.6,1.7,1.8
61837,1,2,POOR TO FAIR,2.48,2.23,1.98,1.64,1.52,1.27,0.98,0.64,6.9,6.3,6.3,6.3,9.3,9.3,9.3,9.3,48,52,56,61,106,106,106,106,2.8,2.4,1.9,1.4,1.3,1.3,1.3,1.3
61945,3,4,,5.27,5.34,5.43,5.44,4.28,4.36,4.45,4.44,6.9,6.9,6.9,6.9,7.6,7.6,6.9,6.9,84,86,90,92,343,340,338,339,5.3,5.4,5.5,5.4,1.2,1.1,0.9,0.8
61952,5,6,,5.51,5.61,5.64,5.62,4.51,4.63,4.65,4.62,6.9,6.9,6.9,6.9,8.4,7.6,7.6,6.9,82.0,84.0,88.0,88.0,350.0,346.0,345.0,343.0,5.5,5.7,5.7,5.6,1,0.9,0.7,0.6
62068,6,8,,7.51,7.71,7.92,7.5,6.43,6.68,6.22,6.73,6.9,6.9,6.9,6.9,12.3,12.3,12.3,11.2,180,181,180,178,226,226,226,227,6.4,6.7,6.2,6.8,4.9,5.1,5.4,5.3
62361,5,6,,5.85,5.94,5.94,5.88,4.87,4.95,4.95,4.88,6.9,6.9,6.9,6.9,7.6,8.4,8.4,7.6,81.0,83.0,86.0,86.0,355.0,353.0,351.0,349.0,5.9,6,6,5.9,1,0.9,0.8,0.7
62363,4,5,,5.2,5.43,5.98,6.14,4.2,4.43,4.98,5.14,5.7,5.7,6.3,6.3,8.4,8.4,8.4,3.9,75,74,76,75,75,75,75,360,5.2,5.4,6,6.1,1.2,1.1,1.1,0.3
62370,5,6,,5.61,5.76,5.73,5.65,4.62,4.78,4.74,4.65,6.9,6.9,6.9,6.9,8.4,8.4,7.6,7.6,82.0,84.0,87.0,88.0,351.0,347.0,345.0,343.0,5.7,5.8,5.8,5.6,1,0.9,0.8,0.7
62371,2,3,FAIR,2.59,2.08,2.03,2.45,1.63,1.08,1.03,1.47,4.7,4.7,4.3,5.2,9.3,3.6,8.4,9.3,160,149,196,210,109,211,111,112,3.2,2,3.3,5.7,0.8,1.5,0.9,0.8
6483,5,6,,10.65,10.43,10.75,11.04,8.67,9.34,9.62,9.88,12.3,11.2,11.2,11.2,0,0,0,2.4,236,234,233,232,0,0,0,227,8.7,9.3,9.6,9.9,0,0,0,0.5
6484,1,1,,1.77,4.01,5.4,5.37,0.77,3.14,4.41,4.42,5.7,4.7,5.2,5.7,3.9,6.3,11.2,11.2,40,240,241,242,256,49,48,48,1.5,4.6,5.5,5.6,0.8,0.5,0.3,0.4
6518,4,5,,7.93,7.61,6.82,6.85,6.66,5.43,5.53,5.92,6.3,12.3,11.2,5.7,12.3,6.3,5.7,11.2,178,226,227,174,226,173,163,228,6.8,5.5,5.5,5.9,5.6,5.1,5,5.3
6548,10,11,,11.27,10.89,11.64,11.87,9.17,9.74,10.41,10.63,12.3,11.2,11.2,11.2,0,0,0,0,219,218,216,215,0,0,0,0,9.2,9.7,10.4,10.6,0,0,0,0
66375,,,NONE,1.55,1.71,1.8,2.01,0.59,0.78,0.8,1.06,5.2,5.7,5.7,5.7,8.4,8.4,9.3,9.3,67,68,73,76,85,90,343,340,4.5,5.2,5.1,5.1,1.7,1.1,0.9,1.7
6680,,,NONE,2.91,2.95,3.2,3.23,1.97,2.04,2.2,2.26,5.2,5.2,5.7,6.3,8.4,8.4,7.6,9.3,71,71,79,83,86,86,86,339,4.5,5,4.9,5.2,1.8,1.6,1.5,1.9
6681,,,NONE,3.2,3.49,3.46,3.22,2.24,2.56,2.46,2.23,5.2,5.2,5.7,6.3,8.4,8.4,7.6,9.3,71,71,79,83,86,86,86,339,4.5,5,4.9,5.2,1.8,1.6,1.5,1.9
6683,1,2 ,very poor,1.61,1.79,1.94,2.41,0.62,0.82,0.94,1.48,5.2,5.2,5.7,6.3,8.4,8.4,7.6,9.3,71,71,79,83,86,86,86,339,4.5,5,4.9,5.2,1.8,1.6,1.5,1.9
6701,,,NONE,0.66,0.81,1.14,1.49,0,0,0.14,0.58,5.2,5.7,5.7,5.7,8.4,8.4,9.3,9.3,67,68,73,76,85,90,343,340,4.5,5.2,5.1,5.1,1.7,1.1,0.9,1.7
6704,3,4,poor to fair,4.38,4.82,4.9,5.14,3.41,3.86,3.9,4.16,5.2,5.2,5.7,6.3,8.4,8.4,7.6,9.3,71,71,79,83,86,86,86,339,4.5,5,4.9,5.2,1.8,1.6,1.5,1.9
6705,1,2,,4.43,4.85,5.61,5.78,3.43,3.85,4.61,4.78,6.3,5.7,6.3,6.3,8.4,8.4,11.2,10.2,81,82,83,82,84,90,120,120,4.4,4.9,5.6,5.8,1.8,1.3,0.5,0.5
6709,,,NONE,2.8,2.96,3.05,3.09,1.8,1.99,2.05,2.09,4.7,5.2,5.7,6.9,8.4,8.4,10.2,9.3,61,64,85,86,100,103,344,339,3.2,4.1,5.3,5.4,3.1,2.8,1,1.9
6774,,,,2.91,2.5,2.39,2.56,1.98,1.5,1.39,1.56,4.3,4.3,4.7,4.7,8.4,8.4,8.4,8.4,97,95,94,86,90,90,90,90,3.1,2.5,2.4,2.5,0.4,0.3,0.3,0.3
6775,3,4,,4.08,4.51,4.42,4.02,3.08,3.52,3.44,3.02,5.2,5.7,5.7,5.7,8.4,8.4,8.4,8.4,81,83,87,86,87,88,90,90,4.1,4.6,4.5,4,1.5,1.3,1.1,1.1
6776,3,4,,4.46,4.54,4.97,5.69,3.46,3.54,3.97,4.71,8.4,7.6,7.6,7.6,5.7,5.7,6.3,6.3,112,111,108,111,46,45,40,40,4.5,4.5,5,5.8,4,4.2,3.6,3.3
6778,2,3,,2.82,3.08,3.23,3.46,1.82,2.08,2.23,2.46,8.4,8.4,8.4,8.4,7.6,3.6,4.3,7.6,97.0,95.0,95.0,96.0,331.0,96.0,109.0,350.0,2.4,2.2,2.1,2.1,1.2,1.8,1.7,1.9
6780,3,4,,4.04,4.32,4.49,4.36,3.04,3.32,3.5,3.36,5.2,5.7,5.7,6.3,8.4,8.4,8.4,8.4,76.0,79.0,84.0,87.0,87.0,86.0,340.0,90.0,4,4.3,4.5,4.4,1.8,1.7,1.4,1.1
6781,2,3,,3.66,4.04,4.06,4.08,2.66,3.07,3.08,3.08,4.3,4.7,6.9,6.9,6.9,6.9,3.2,11.2,61,53,86,88,115,106,357,120,2.8,2.8,4.1,4.1,1.9,2.7,0.5,0.5
6782,1,2,,4.42,5.16,5.57,5.66,3.42,4.16,4.58,4.66,8.4,5.7,6.3,6.9,6.9,6.9,10.2,9.3,85,85,84,84,336,331,349,342,4.4,5.2,5.6,5.7,1,0.7,0.7,1.6
6783,0,1,,4.42,5.16,5.57,5.66,3.42,4.16,4.58,4.66,8.4,5.7,6.3,6.9,6.9,6.9,10.2,9.3,85,85,84,84,336,331,349,342,4.4,5.2,5.6,5.7,1,0.7,0.7,1.6
6784,5,6,,6.17,6.26,6.07,5.97,5.17,5.3,5.09,4.97,7.6,6.9,7.6,7.6,8.4,8.4,8.4,7.6,77.0,80.0,81.0,79.0,355.0,356.0,355.0,353.0,6.2,6.5,6.2,6,1.2,1,0.9,0.8
68789,1,2,POOR,2.14,2.24,3.61,6.74,1.14,1.24,2.61,5.86,4.7,5.2,5.7,6.9,10.2,10.2,9.3,0,173,177,179,186,124,124,124,0,2.1,2.2,3.8,8.4,0.6,0.6,0.7,0
6931,3,4,,5.71,5.16,4.39,3.63,4.75,4.16,3.39,2.63,10.2,10.2,9.3,9.3,0,2.9,3.2,3.9,260,259,259,259,0,285,263,250,5.8,5.1,4.4,3.6,0,0.2,1.3,2.4
6932,13,14,,11.57,13.94,17.47,18.68,10.57,12.94,17.21,16.65,8.4,9.3,10.2,11.2,0.0,0.0,12.3,12.3,256.0,255.0,259.0,265.0,0.0,0.0,15.0,16.0,11.6,13.9,18.3,17.5,0,0,0.3,1.3
6933,2,3,,3.68,3.16,3.03,2.82,2.57,2.21,2.05,1.82,11.2,10.2,10.2,10.2,11.2,11.2,11.2,10.2,279,279,279,280,314,316,318,319,2.6,2.2,1.9,1.8,2.1,2,1.9,1.7
6934,1,2,poor,2.46,2.23,2.01,1.93,1.5,1.23,1.01,0.93,6.3,6.3,5.7,11.2,11.2,11.2,11.2,5.7,33.0,33.0,33.0,309.0,296.0,302.0,299.0,33.0,1.9,1.6,1.3,1.2,1.3,1.3,1.1,1.1
6935,1,2,,3.08,2.96,2.62,2.38,2.13,2.01,1.66,1.38,11.2,11.2,11.2,11.2,6.3,5.7,5.7,5.2,292,294,297,299,33,32,32,31,2.6,2.4,2.2,2,2.3,1.9,1.5,1.2
69923,1,2,POOR TO FAIR,2,1.61,1.29,1.37,1.06,0.61,0.29,0.5,4.7,5.7,5.7,6.3,8.4,3.6,10.2,10.2,170,184,194,195,111,226,117,124,3.7,3.9,5.1,7.9,0.7,1.6,0.8,0.6
7102,4,5,,3.91,3.92,3.76,3.64,3.25,2.74,2.63,2.57,11.2,11.2,11.2,11.2,4.7,4.7,11.2,11.2,293,287,312,313,47,48,281,281,3.5,2.9,2.6,2.6,3.3,2.8,2.2,1.9
7141,8,9,,6.53,9.76,10.49,10.41,4.57,7.15,7.69,7.57,10.2,13.5,13.5,13.5,14.9,7.6,7.6,7.6,213,214,214,214,216,97,97,97,4.3,7.2,7.9,7.7,3.1,1.7,1.6,1.6
7143,5,6,,4.15,5.73,8.19,8.8,3.09,4.01,5.91,6.3,11.2,10.2,13.5,13.5,7.6,14.9,7.6,7.6,215,213,214,214,95,216,98,99,3.1,3.6,5.9,6.5,2,2.8,1.9,1.9
7145,3,4,,3.53,4.05,3.63,3.46,3.17,2.84,2.54,2.42,6.9,6.3,13.5,13.5,16.3,16.3,6.3,6.3,111.0,101.0,159.0,160.0,156.0,157.0,106.0,106.0,3.3,2.7,2.5,2.5,1.8,2.3,2.3,2
71506,0,1,,1.45,0.94,0.77,0.99,0.55,0,0,0,3.6,7.6,7.6,2.4,7.6,3.6,0,6.9,247,74,73,73,72,253,0,72,1.3,0.8,0.8,0.8,0.9,0.5,0,0.6
71509,2,3,,2.82,3.29,2.77,2.46,1.82,2.29,1.88,1.46,8.4,8.4,7.6,6.3,3.6,3.9,3.6,5.7,32.0,34.0,36.0,37.0,314.0,318.0,318.0,211.0,2.3,2.6,3.1,2.3,1.5,2,1.3,0.6
7152,5,6,,6.39,6.21,5.97,5.7,5.15,4.69,4.29,3.99,10.2,10.2,10.2,10.2,13.5,13.5,13.5,13.5,183.0,180.0,179.0,178.0,225.0,226.0,225.0,224.0,5.2,4.7,4.4,4,2.7,3,3.1,3.1
7154,4,6,,5.86,5.71,5.53,5.03,4.28,4,3.87,3.52,11.2,11.2,11.2,10.2,13.5,13.5,13.5,13.5,183.0,180.0,178.0,177.0,225.0,226.0,225.0,224.0,4.3,3.9,3.6,3.3,2.5,2.7,2.8,2.8
7155,3,4,,3.86,4.21,4.45,4.1,3.16,2.95,3.12,3.13,10.2,10.2,5.7,5.7,14.9,5.2,10.2,9.3,208,208,277,273,223,275,208,208,3.2,2.9,3,3.8,1.4,2.5,2.7,2.3
7156,2,3,,5.14,5.24,5.24,4.84,3.88,3.67,3.67,3.39,10.2,10.2,10.2,13.5,14.9,14.9,14.9,9.3,210,210,210,225,224,225,225,210,3.9,3.6,3.2,3,2.2,2.6,2.8,2.9
7157,2,3,,2.23,2.23,2.3,2.32,1.25,1.24,1.3,1.32,10.2,10.2,10.2,10.2,16.3,16.3,14.9,14.9,228,228,227,227,229,229,230,230,2.1,2,1.9,1.7,0.8,1,1.3,1.6
71575,0,1,,1.61,1.32,0.94,0.82,0.75,0.34,0,0,7.6,7.6,7.6,7.6,4.7,4.7,8.4,8.4,80,82,85,69,204,208,44,52,1.4,1,0.7,0.7,1.3,0.8,0.5,0.5
71576,2,3,,3.83,2.96,3.05,2.67,3.11,2.09,2.08,1.67,12.3,11.2,11.2,11.2,2.7,3.6,3.9,3.9,285.0,286.0,288.0,288.0,353.0,316.0,336.0,323.0,3.1,3,2.8,2.6,0.6,1.3,0.8,0.7
71632,3,4,,3.71,4.4,4.38,3.95,2.81,3.47,3.4,2.95,4.7,5.2,4.7,4.7,0.0,2.7,3.6,2.9,281.0,291.0,299.0,289.0,0.0,15.0,15.0,15.0,4.1,4.7,4.5,3.9,0,0.2,0.3,0.2
71691,,,NONE,0.66,0.81,1.14,1.49,0,0,0.14,0.58,5.2,5.7,5.7,5.7,8.4,8.4,9.3,9.3,67,68,73,76,85,90,343,340,4.5,5.2,5.1,5.1,1.7,1.1,0.9,1.7
71761,1,2,,2.24,2.4,2.53,2.66,1.42,1.4,1.53,1.72,3.2,3.9,3.9,3.6,3.2,4.7,3.6,4.7,318.0,334.0,344.0,314.0,18.0,17.0,302.0,17.0,2.6,2.2,1.9,2.7,0.8,0.9,1.4,0.7
71762,1,2,,0.35,1.91,2.99,3.3,0,0.91,2.05,2.3,2.4,2.7,4.7,4.3,2.9,0.0,5.7,5.7,176.0,292.0,322.0,318.0,165.0,0.0,15.0,15.0,0.3,1.9,3.2,3.3,0.2,0,0.2,0.2
71765,0,1,,0.98,0.58,0.29,1.55,0.26,0,0,0.89,3.6,3.2,3.2,3.2,0.0,2.4,3.9,2.7,77.0,75.0,75.0,300.0,0.0,60.0,75.0,15.0,1.4,0.5,0.2,2.3,0,0.2,0.2,0.2
71766,0,1,,1.37,0.9,0.52,0.13,0.37,0.08,0,0,3.6,3.2,3.6,2.4,0.0,0.0,2.9,0.0,74.0,67.0,71.0,300.0,0.0,0.0,67.0,0.0,1.4,1.1,0.4,0.1,0,0,0.4,0
71906,1,2 ,poor,1.92,1.76,1.69,1.81,0.93,0.77,0.69,0.86,5.7,5.7,6.3,6.3,4.7,5.2,5.7,5.2,57.0,55.0,67.0,57.0,354.0,352.0,25.0,355.0,5.9,5.7,4.9,6.5,1.7,2,3,1.9
72183,2,3,,7.7,7.67,7.16,6.7,6.7,6.68,6.16,5.7,9.3,9.3,9.3,9.3,3.6,3.2,3.6,3.6,83,84,84,86,357,360,358,360,7.7,7.8,7.2,6.7,0.5,0.6,0.7,0.4
72185,1,2,,4.08,4.99,4.63,4.33,3.08,4.01,3.63,3.33,10.2,10.2,10.2,9.3,4.7,5.7,5.7,0,103,92,94,95,71,360,360,0,3.8,5,4.6,4.3,3,0.3,0.1,0
7263,11,12,,12.99,11.92,10.36,9.09,11.37,10.92,9.36,8.1,10.2,10.2,10.2,9.3,8.4,9.3,8.4,8.4,51.0,61.0,64.0,65.0,97.0,356.0,356.0,356.0,11.6,11.6,10.1,9.1,6,2.4,1.7,1.5
7265,3,3,,3.98,3.77,3.7,3.71,2.78,2.64,2.59,2.6,14.9,13.5,13.5,12.3,6.9,10.2,9.3,9.3,209,209,210,208,83,201,210,214,2.5,2.5,2.5,2.8,1.8,1.9,1.9,1.7
7268,2,3,,4.05,4.47,4.57,4.57,2.91,3.34,3.48,3.53,9.3,11.2,11.2,11.2,11.2,9.3,9.3,9.3,67,39,39,40,35,69,69,69,3.1,3.5,3.6,3.6,2.4,2.7,2.6,2.5
7275,5,6,,6.28,6.65,6.49,6.46,5.28,6.37,5.49,5.46,9.3,9.3,9.3,9.3,7.6,7.6,7.6,7.6,50,56,50,50,100,98,92,91,6.2,6.4,5.8,5.8,2.8,3.4,4.2,4.2
72824,,,flat,0.29,0.21,0.28,0.3,0,0,0,0,4.3,3.9,3.9,4.3,0.0,2.4,2.4,2.4,29.0,33.0,25.0,24.0,0.0,336.0,340.0,333.0,0.6,0.5,0.8,0.6,0,0.3,0.5,0.4
73957,6,7,,6.42,8.3,11.14,14.55,5.42,7.3,10.14,13.62,5.7,6.9,7.6,8.4,12.3,11.2,0,0,279,281,284,287,312,310,0,0,6.4,8.3,11.1,15.7,1.6,1.3,0,0
73959,4,5,,5.65,7.45,10.24,13.24,4.65,6.45,9.24,12.33,5.7,6.3,6.9,8.4,12.3,11.2,11.2,0,292,285,282,288,308,307,298,0,5.7,7.5,10.2,14.5,1.7,1.4,0.7,0
73961,3,4,,3.68,5.16,5.5,5.24,2.68,4.25,4.52,4.3,3.9,4.7,4.7,4.7,5.2,0,0,0,273,266,271,268,350,0,0,0,3.7,5.7,5.7,5.5,1.2,0,0,0
73985,6,7,,3.14,6.73,8.54,9.79,2.14,5.77,7.54,8.85,3.9,5.7,6.3,7.6,6.9,0,0,0,277,280,278,282,327,0,0,0,3.1,7.1,8.5,10.4,2.2,0,0,0
73987,2,3,,2.33,3.77,4.3,4.75,1.33,2.87,3.3,3.86,3.6,4.3,4.7,5.2,0,0,0,0,270,260,266,266,0,0,0,0,2.3,4.2,4.3,5.3,0,0,0,0
77026,0,1,,1.44,1.41,1.33,1.32,0.49,0.41,0.36,0.36,6.3,6.3,6.3,6.9,10.2,12.3,4.3,12.3,155.0,155.0,153.0,155.0,135.0,180.0,180.0,180.0,1.5,1.4,1.3,1.4,0.2,0.2,0.4,0.2
77186,2,3,,3.08,2.96,2.62,2.38,2.13,2.01,1.66,1.38,11.2,11.2,11.2,11.2,6.3,5.7,5.7,5.2,292,294,297,299,33,32,32,31,2.6,2.4,2.2,2,2.3,1.9,1.5,1.2
77187,2,3,,2.89,2.6,2.41,2.3,1.9,1.6,1.41,1.3,6.3,6.3,6.3,5.7,11.2,11.2,11.2,5.2,36,36,37,37,295,293,295,124,2,1.8,1.5,1.3,1.8,1.5,1.4,1.1
7731,2,3,,3.84,3.47,3.42,5.36,2.84,2.47,2.46,4.36,9.3,9.3,3.9,4.7,12.3,11.2,11.2,11.2,100.0,103.0,174.0,179.0,82.0,83.0,86.0,85.0,3.6,3.1,3.5,5.4,1.5,1.7,2.4,2
78117,6,7,,6.26,5.75,6.59,7.06,4.83,4.88,5.68,5.97,12.3,11.2,11.2,11.2,4.7,4.7,4.7,5.2,212,212,211,210,180,177,163,159,4.8,4.9,5.7,6,4.3,3.9,3.7,4.4
78118,0,1,,6.26,5.75,6.59,7.06,4.83,4.88,5.68,5.97,12.3,11.2,11.2,11.2,4.7,4.7,4.7,5.2,212,212,211,210,180,177,163,159,4.8,4.9,5.7,6,4.3,3.9,3.7,4.4
78120,6,7,,6.26,5.75,6.59,7.06,4.83,4.88,5.68,5.97,12.3,11.2,11.2,11.2,4.7,4.7,4.7,5.2,212,212,211,210,180,177,163,159,4.8,4.9,5.7,6,4.3,3.9,3.7,4.4
78122,3,4,,8.19,7.66,8.18,8.54,6.19,6.55,7.08,7.38,12.3,11.2,11.2,11.2,5.7,5.2,5.2,5.2,223,221,218,216,178,160,151,150,6.2,6.6,7.1,7.4,5.3,4.3,4,4.3
8000,1,2,,0.78,0.73,4.44,6.88,0,0,3.58,5.88,6.9,9.3,4.7,5.7,9.3,6.9,8.4,12.3,219,136,122,133,136,219,135,135,0.5,0.5,5.1,6.9,0.4,0.4,0.6,0.5
8001,3,4,,3.92,4.02,4,4.8,2.74,3.08,3,3.8,12.3,12.3,5.2,5.7,4.3,4.7,11.2,11.2,287.0,247.0,122.0,130.0,113.0,114.0,242.0,240.0,2.4,3.1,3.7,4.8,1.9,2.5,3,2.7
8057,5,5,,4.29,5.44,5.24,4.96,3.33,4.52,3.95,3.74,6.9,6.9,6.9,6.9,5.7,12.3,12.3,12.3,66.0,59.0,62.0,63.0,47.0,211.0,210.0,210.0,3.8,4.8,4,3.8,3,2.7,2.5,2.4
8058,5,6,,5.87,5.77,5.35,4.9,5.03,4.74,4.39,4.03,6.9,6.9,6.9,6.3,12.3,12.3,13.5,13.5,51.0,51.0,50.0,48.0,212.0,212.0,155.0,155.0,5.2,5,4.5,4.1,2.5,2.6,2.5,2.4
8308,,,,4.94,5.25,5.33,5.05,4.13,4.39,4.46,4.22,4.3,4.7,5.2,5.2,18.0,18.0,18.0,16.3,82.0,81.0,86.0,91.0,193.0,192.0,192.0,192.0,2.6,2.9,2.9,2.5,2.1,2.3,2.3,2.3
8410,8,9,,6.58,7.23,7.36,7.57,5.58,6.24,6.36,6.58,8.4,8.4,8.4,8.4,5.7,5.7,5.7,5.2,58,58,58,58,356,356,351,353,6.6,7.3,7.4,7.7,1.3,1.4,1.6,1.6
8900,3,5,fair,6.54,5.99,7.26,9.97,4.58,4.2,5.08,7.75,10.2,9.3,13.5,12.3,14.9,6.9,6.9,8.4,348,350,330,336,320,62,65,66,4.6,3.9,4.5,7.9,2.9,3.5,3.6,3.1
8904,1,2,poor,2.29,2.2,2.04,2.07,1.3,1.21,1.04,1.07,5.2,5.7,5.7,12.3,11.2,11.2,11.2,5.7,17,16,16,327,197,197,197,16,1.5,1.5,1.3,1.1,1.2,1.1,1.1,1.1
8905,5,6,,5.56,6.16,5.77,7.13,4.39,4.73,4.48,4.99,6.3,9.3,6.9,13.5,10.2,6.9,9.3,6.9,33,349,49,336,347,36,349,49,4.5,4.7,4.5,4.3,4.5,4.3,4,3.8
89981,1,2,POOR TO FAIR,1.16,1.2,1.35,1.49,0.16,0.2,0.35,0.49,14.9,14.9,12.3,11.2,11.2,14.9,14.9,13.5,215,215,277,273,184,285,216,285,0.6,0.6,1.2,1.2,0.4,0.5,0.5,0.8
90175,4,5,,6.04,5.1,4.78,4.17,4.41,3.73,3.35,2.92,10.2,9.3,9.3,13.5,14.9,13.5,13.5,9.3,323.0,323.0,325.0,306.0,309.0,309.0,309.0,326.0,4.5,3.7,3.1,2.6,2.5,2.6,2.7,2.5
90627,1,2,poor,5.93,5.72,4.89,6.47,4.93,4.72,3.89,5.48,5.7,5.7,6.3,6.3,4.7,5.2,5.7,5.2,57,55,67,57,354,352,25,355,5.9,5.7,4.9,6.5,1.7,2,3,1.9
90855,4,5,,6.24,6.36,5.46,4.97,4.37,4.45,3.83,3.48,16.3,16.3,14.9,14.9,13.5,13.5,3.9,3.9,204,203,204,204,302,302,219,226,3.3,3.3,3.2,3.1,2.2,2,2.2,2.3
90856,6,7,,8.37,8.05,7.74,6.78,5.86,5.64,5.42,4.74,14.9,14.9,14.9,13.5,10.2,10.2,10.2,10.2,201,202,202,202,202,199,199,198,4.9,4.7,4.5,4.3,2.6,2.7,2.6,2.5
91249,1,2,,2.12,2.27,2.44,2.64,1.12,1.27,1.54,1.64,6.3,6.3,6.9,3.6,0.0,2.4,3.6,6.9,235.0,232.0,232.0,152.0,0.0,240.0,231.0,234.0,2.1,2.2,2,2,0,0.5,1.8,1.7
91250,2,3,,4.01,2.79,1.95,3.98,3.04,1.79,0.95,2.98,5.7,5.2,9.3,4.3,10.2,10.2,2.9,11.2,298.0,294.0,121.0,187.0,120.0,120.0,219.0,95.0,4.2,2.2,1.1,4,1.2,1.2,1.1,0.9
91251,1,2,,3.3,2.74,3.07,7.55,2.32,1.74,2.07,6.57,5.2,9.3,3.6,5.2,10.2,5.2,9.3,9.3,322,120,223,178,118,331,121,123,2.3,1.6,2.4,7.7,1.7,1.5,1.4,1.2
91252,2,3,,4.06,3.63,3.26,3.64,3.06,2.63,2.26,2.64,6.9,6.9,3.9,4.3,0,0,6.9,6.3,268,261,211,173,0,0,270,257,4.1,3.6,2.5,2.8,0,0,2.1,2
91253,3,4,,4.06,3.63,3.26,3.64,3.06,2.63,2.26,2.64,6.9,6.9,3.9,4.3,0.0,0.0,6.9,6.3,268.0,261.0,211.0,173.0,0.0,0.0,270.0,257.0,4.1,3.6,2.5,2.8,0,0,2.1,2
91254,1,2,,2.97,2.96,2.85,6.54,2.05,1.96,1.85,5.58,4.7,5.2,3.6,5.2,9.3,9.3,9.3,9.3,311,325,218,181,119,120,121,123,3.2,1.7,1.9,6.8,1.9,1.7,1.5,1.3
91255,2,3,,3.45,3.36,3.32,6.67,3.03,2.36,2.32,5.79,9.3,8.4,3.6,5.7,12.3,11.2,11.2,11.2,105.0,108.0,169.0,180.0,84.0,84.0,85.0,85.0,3.1,2.7,3.3,7.6,1.6,1.7,2,1.7
91256,,,,4.18,3.56,3.18,3.71,3.18,2.56,2.22,2.71,9.3,9.3,9.3,4.3,5.7,5.7,9.3,11.2,97,95,85,167,284,284,120,84,3.5,3.6,2,3.7,3,1.9,2,2.2
91257,3,4,,4.18,3.56,3.18,3.71,3.18,2.56,2.22,2.71,9.3,9.3,9.3,4.3,5.7,5.7,9.3,11.2,97.0,95.0,85.0,167.0,284.0,284.0,120.0,84.0,3.5,3.6,2,3.7,3,1.9,2,2.2
91258,3,4,,4.18,3.56,3.18,3.71,3.18,2.56,2.22,2.71,9.3,9.3,9.3,4.3,5.7,5.7,9.3,11.2,97.0,95.0,85.0,167.0,284.0,284.0,120.0,84.0,3.5,3.6,2,3.7,3,1.9,2,2.2
91259,0,1,,3.58,2.87,2.53,4.22,2.58,1.87,1.53,3.27,10.2,9.3,9.3,4.3,5.2,12.3,10.2,9.3,100,103,85,178,334,82,122,122,2.6,2.4,1.9,4.4,2,1,1.7,1.6
91264,3,4,,3.8,3.57,3.43,5.55,2.8,2.55,2.41,4.58,10.2,10.2,10.2,4.7,3.9,10.2,10.2,10.2,99.0,84.0,118.0,180.0,316.0,119.0,84.0,118.0,3.7,2.6,2.4,5.7,0.3,2.4,2.4,2.1
91266,3,4,,3.8,3.57,3.43,5.55,2.8,2.55,2.41,4.58,10.2,10.2,10.2,4.7,3.9,10.2,10.2,10.2,99.0,84.0,118.0,180.0,316.0,119.0,84.0,118.0,3.7,2.6,2.4,5.7,0.3,2.4,2.4,2.1
91267,2,4,,3.59,3.5,3.33,6.01,2.6,2.49,2.44,5.1,10.2,10.2,10.2,5.2,3.6,10.2,10.2,10.2,101.0,119.0,119.0,190.0,345.0,85.0,86.0,118.0,3.6,2.5,2.4,6.6,0.7,2.4,2.2,2.2
91268,3,4,,4.18,3.56,3.18,3.71,3.18,2.56,2.22,2.71,9.3,9.3,9.3,4.3,5.7,5.7,9.3,11.2,97.0,95.0,85.0,167.0,284.0,284.0,120.0,84.0,3.5,3.6,2,3.7,3,1.9,2,2.2
91269,3,4,,4.18,3.56,3.18,3.71,3.18,2.56,2.22,2.71,9.3,9.3,9.3,4.3,5.7,5.7,9.3,11.2,97.0,95.0,85.0,167.0,284.0,284.0,120.0,84.0,3.5,3.6,2,3.7,3,1.9,2,2.2
91270,3,4,,4.18,3.56,3.18,3.71,3.18,2.56,2.22,2.71,9.3,9.3,9.3,4.3,5.7,5.7,9.3,11.2,97.0,95.0,85.0,167.0,284.0,284.0,120.0,84.0,3.5,3.6,2,3.7,3,1.9,2,2.2
91271,4,5,,5.99,5.38,5.2,4.65,4.19,3.77,3.64,3.63,9.3,9.3,9.3,10.2,8.4,8.4,8.4,9.3,109.0,109.0,109.0,58.0,31.0,38.0,60.0,108.0,3.9,3.6,3.2,3.6,3.6,3.4,3.1,3
91466,3,4,,4.06,3.63,3.26,3.64,3.06,2.63,2.26,2.64,6.9,6.9,3.9,4.3,0.0,0.0,6.9,6.3,268.0,261.0,211.0,173.0,0.0,0.0,270.0,257.0,4.1,3.6,2.5,2.8,0,0,2.1,2
91467,3,4,,4.36,3.71,4.71,7.47,3.36,2.71,3.71,6.47,6.9,6.9,4.7,5.7,0.0,3.9,0.0,0.0,279.0,287.0,220.0,190.0,0.0,226.0,0.0,0.0,4.4,2.8,4.7,7.5,0,2.4,0,0
91468,2,3,,3.21,2.76,3.82,8.39,2.21,1.76,2.82,7.67,6.9,3.6,4.3,6.3,3.2,6.3,6.3,0.0,298.0,229.0,200.0,179.0,227.0,302.0,307.0,0.0,2.9,2,3.8,11.7,1.1,1.9,0.8,0
91469,2,3,,3.21,2.76,3.82,8.39,2.21,1.76,2.82,7.67,6.9,3.6,4.3,6.3,3.2,6.3,6.3,0.0,298.0,229.0,200.0,179.0,227.0,302.0,307.0,0.0,2.9,2,3.8,11.7,1.1,1.9,0.8,0
91470,2,3,,3.21,2.76,3.82,8.39,2.21,1.76,2.82,7.67,6.9,3.6,4.3,6.3,3.2,6.3,6.3,0.0,298.0,229.0,200.0,179.0,227.0,302.0,307.0,0.0,2.9,2,3.8,11.7,1.1,1.9,0.8,0
91471,2,3,,2.95,3.21,3.91,7.74,1.95,2.21,2.91,6.78,6.3,4.3,4.7,5.7,3.6,6.3,0.0,0.0,305.0,229.0,212.0,212.0,241.0,302.0,0.0,0.0,2.4,2.8,3.9,8.1,1.6,1.6,0,0
91472,2,3,,2.54,3.28,4.05,7.44,1.54,2.28,3.05,6.44,3.6,4.3,4.3,6.3,5.7,6.9,6.3,0.0,243.0,243.0,197.0,252.0,323.0,330.0,335.0,0.0,2.3,3.3,4.1,7.4,1,0.3,0.1,0
91473,1,2,,1.81,2.17,5.42,6.47,0.96,1.17,4.5,5.47,3.6,3.9,5.2,5.7,0.0,0.0,0.0,0.0,241.0,218.0,227.0,270.0,0.0,0.0,0.0,0.0,2.1,2.2,5.9,6.5,0,0,0,0
91474,2,4,,3.59,3.5,3.33,6.01,2.6,2.49,2.44,5.1,10.2,10.2,10.2,5.2,3.6,10.2,10.2,10.2,101.0,119.0,119.0,190.0,345.0,85.0,86.0,118.0,3.6,2.5,2.4,6.6,0.7,2.4,2.2,2.2
91475,3,4,,3.99,4.03,3.99,5.22,3.02,3.03,3.1,4.3,10.2,10.2,10.2,5.2,0.0,0.0,3.6,10.2,98.0,98.0,106.0,194.0,0.0,0.0,169.0,106.0,4,4,3.1,5.7,0,0,3,2.7
91476,1,2,,1.81,2.17,5.42,6.47,0.96,1.17,4.5,5.47,3.6,3.9,5.2,5.7,0.0,0.0,0.0,0.0,241.0,218.0,227.0,270.0,0.0,0.0,0.0,0.0,2.1,2.2,5.9,6.5,0,0,0,0
91477,1,2,,0,2.45,5.62,8.25,0,1.45,4.66,7.29,0.0,3.2,5.2,6.3,0.0,3.2,0.0,0.0,0.0,187.0,236.0,279.0,0.0,217.0,0.0,0.0,0,2,5.9,8.7,0,1.4,0,0
91478,0,1,,0.13,1.12,5.3,8.72,0,0.12,4.32,7.89,8.4,2.4,4.7,6.9,0.0,8.4,10.2,3.2,135.0,182.0,261.0,294.0,0.0,135.0,135.0,15.0,0.1,1.1,5.4,10.5,0,0.1,0.1,0.3
91479,3,4,,4.24,4.3,4.04,4.82,3.25,3.26,3.04,3.82,9.3,10.2,3.9,4.3,0.0,9.3,10.2,10.2,97.0,80.0,154.0,263.0,0.0,116.0,83.0,83.0,4.3,3.3,3.3,4.8,0,2.9,3,2.5
91480,1,2,,1.34,1.55,2.93,6.74,0.35,0.55,1.93,5.89,9.3,10.2,3.9,6.3,0.0,2.4,10.2,10.2,99.0,98.0,194.0,293.0,0.0,160.0,96.0,93.0,1.4,1.4,2.5,7.9,0,0.7,1.4,1.1
91481,3,4,,3.82,4.04,3.87,5.52,2.84,3.04,2.98,4.61,9.3,9.3,4.3,5.2,2.4,2.9,10.2,10.2,98.0,96.0,191.0,274.0,122.0,137.0,83.0,81.0,3.9,4,4.4,6.1,0.4,1.3,2.7,2.5
91482,4,5,,5,4.51,3.78,3.35,4.03,3.52,2.78,2.43,5.7,5.7,5.2,5.7,5.7,5.7,5.7,5.7,35.0,36.0,32.0,29.0,353.0,353.0,351.0,348.0,5.2,4.5,3.8,3.6,3,2.8,3,3.6
91483,2,3,,3.68,3.06,3.18,6.15,2.69,2.06,2.18,5.23,9.3,9.3,9.3,5.2,3.9,4.7,5.7,10.2,99.0,97.0,95.0,313.0,100.0,112.0,124.0,95.0,2.9,3.1,3.2,6.6,2.3,2.4,1.9,2.9
9199,4,5,,5.1,4.86,4.66,4.6,4.12,3.86,3.66,3.6,7.6,7.6,7.6,7.6,10.2,10.2,9.3,9.3,98,98,97,98,191,190,190,190,5.2,4.9,4.7,4.6,1.2,1.1,1.1,1
92520,3,4,,4.18,3.56,3.18,3.71,3.18,2.56,2.22,2.71,9.3,9.3,9.3,4.3,5.7,5.7,9.3,11.2,97.0,95.0,85.0,167.0,284.0,284.0,120.0,84.0,3.5,3.6,2,3.7,3,1.9,2,2.2
92721,0,1,,1.7,1.46,1.5,2.12,0.7,0.46,0.5,1.12,3.9,3.9,4.3,3.2,14.9,14.9,2.4,4.3,50.0,48.0,40.0,77.0,263.0,262.0,71.0,29.0,1.5,1.2,1,1.7,0.5,0.6,0.7,0.9
94737,2,3,POOR TO FAIR,2.69,2.2,2.79,3.61,1.71,1.2,1.79,2.71,5.2,4.7,4.7,5.2,9.3,8.4,8.4,9.3,175,184,197,206,110,111,113,113,4,2.9,4.1,6.4,0.8,0.8,0.8,0.8
95460,1,2,POOR TO FAIR,1.73,1.37,1.06,1.35,0.8,0.37,0.06,0.52,4.7,5.7,5.7,6.3,8.4,3.6,10.2,10.2,170,184,194,195,111,226,117,124,3.7,3.9,5.1,7.9,0.7,1.6,0.8,0.6
95961,5,7,,6.41,6.84,6.34,6.14,4.48,4.79,4.44,4.3,18.0,18.0,16.3,16.3,5.7,5.7,5.7,5.7,194.0,196.0,196.0,196.0,184.0,185.0,188.0,190.0,3.4,3.6,3.6,3.5,2.7,2.6,2.6,2.5
97935,2,3,,3.13,2.81,5.49,6.69,2.17,1.81,4.57,5.8,6.3,6.3,5.2,6.3,3.6,2.4,6.9,6.9,65,71,181,177,360,175,79,80,3.3,2.8,6,7.5,0.4,0.5,1.7,1.1
99384,2,3,fair,4.75,4.27,4.11,3.84,4.24,3.29,3.2,2.91,11.2,11.2,11.2,11.2,5.2,11.2,11.2,6.3,292,302,303,305,120,270,270,347,4.2,3.5,3.2,2.9,0.4,2,1.7,1.8
99403,1,2,,3.43,3.37,3.39,3.62,2.43,2.4,2.39,2.62,10.2,9.3,9.3,9.3,3.2,3.9,4.7,3.6,272,271,272,274,152,152,161,188,2.8,2.6,2.6,2.9,1.4,2,1.8,1.5
